ad_id,xyz_campaign_id,fb_campaign_id,age,gender,interest,Impressions,Clicks,Spent,Total_Conversion,Approved_Conversion,CTR,CPC,CVR,CPA,has_spend,has_clicks,has_conversions,spent_without_clicks,clicked_without_conversion,low_ctr_signal,high_cpc_signal,very_high_cpc_signal,high_cpa_signal,very_high_cpa_signal,waste_risk_score,waste_risk,evidence_strength,waste_evidence,data_quality_flag,anomaly_label,anomaly_score,anomaly_reason
708746,916,103916,30-34,M,15,7350,1,1.429999948,2,1,0.0136054421768707,1.429999948,100.0,1.429999948,True,True,True,False,False,False,False,False,False,False,0,Low Risk,Weak,No major waste signal detected,OK,Normal,-0.08979656257824697,unusual combination of marketing metrics
708749,916,103917,30-34,M,16,17861,2,1.820000023,2,0,0.0111975813224343,0.9100000115,0.0,,True,True,False,False,False,False,False,False,False,False,0,Low Risk,Weak,No major waste signal detected,OK,Normal,-0.15166060230366774,unusual combination of marketing metrics
708771,916,103920,30-34,M,20,693,0,0.0,1,0,0.0,,,,False,False,False,False,False,False,False,False,False,False,0,Low Risk,Insufficient Data,No major waste signal detected,OK,Normal,-0.17912514028218401,unusual combination of marketing metrics
708815,916,103928,30-34,M,28,4259,1,1.25,1,0,0.0234796900680911,1.25,0.0,,True,True,False,False,False,False,False,False,False,False,0,Low Risk,Weak,No major waste signal detected,OK,Normal,-0.19924770042803436,unusual combination of marketing metrics
708818,916,103928,30-34,M,28,4133,1,1.289999962,1,1,0.0241954996370675,1.289999962,100.0,1.289999962,True,True,True,False,False,False,False,False,False,False,0,Low Risk,Weak,No major waste signal detected,OK,Normal,-0.1090039808418925,unusual combination of marketing metrics
708820,916,103929,30-34,M,29,1915,0,0.0,1,1,0.0,,,0.0,False,False,True,False,False,False,False,False,False,False,0,Low Risk,Insufficient Data,No major waste signal detected,Review: conversions without clicks,Normal,-0.1553866051156506,unusual combination of marketing metrics
708889,916,103940,30-34,M,15,15615,3,4.769999981,1,0,0.0192122958693563,1.5899999936666669,0.0,,True,True,False,False,False,False,False,False,False,False,0,Low Risk,Weak,No major waste signal detected,OK,Normal,-0.2045701705220322,unusual combination of marketing metrics
708895,916,103941,30-34,M,16,10951,1,1.269999981,1,1,0.0091315861565153,1.269999981,100.0,1.269999981,True,True,True,False,False,False,False,False,False,False,0,Low Risk,Weak,No major waste signal detected,OK,Normal,-0.10071084566217148,unusual combination of marketing metrics
708953,916,103951,30-34,M,27,2355,1,1.5,1,0,0.0424628450106157,1.5,0.0,,True,True,False,False,False,False,False,False,False,False,0,Low Risk,Weak,No major waste signal detected,OK,Normal,-0.16800199651640796,unusual combination of marketing metrics
708958,916,103952,30-34,M,28,9502,3,3.159999967,1,0,0.0315723005683014,1.0533333223333334,0.0,,True,True,False,False,False,False,False,False,False,False,0,Low Risk,Weak,No major waste signal detected,OK,Normal,-0.17670547781218615,unusual combination of marketing metrics
708979,916,103955,30-34,M,31,1224,0,0.0,1,0,0.0,,,,False,False,False,False,False,False,False,False,False,False,0,Low Risk,Insufficient Data,No major waste signal detected,OK,Normal,-0.1777983296297569,unusual combination of marketing metrics
709023,916,103962,30-34,M,7,735,0,0.0,1,0,0.0,,,,False,False,False,False,False,False,False,False,False,False,0,Low Risk,Insufficient Data,No major waste signal detected,OK,Normal,-0.17851630336436064,unusual combination of marketing metrics
709038,916,103965,30-34,M,16,5117,0,0.0,1,0,0.0,,,,False,False,False,False,False,False,False,False,False,False,0,Low Risk,Insufficient Data,No major waste signal detected,OK,Normal,-0.15502138981191094,unusual combination of marketing metrics
709040,916,103965,30-34,M,16,5120,0,0.0,1,0,0.0,,,,False,False,False,False,False,False,False,False,False,False,0,Low Risk,Insufficient Data,No major waste signal detected,OK,Normal,-0.15502138981191094,unusual combination of marketing metrics
709059,916,103968,30-34,M,20,14669,7,10.28000021,1,1,0.0477196809598473,1.468571458571429,14.285714285714285,10.28000021,True,True,True,False,False,False,False,False,False,False,0,Low Risk,Weak,No major waste signal detected,OK,Normal,-0.10628469572700855,unusual combination of marketing metrics
709105,916,103976,30-34,M,28,1241,0,0.0,1,1,0.0,,,0.0,False,False,True,False,False,False,False,False,False,False,0,Low Risk,Insufficient Data,No major waste signal detected,Review: conversions without clicks,Normal,-0.16052246512993185,unusual combination of marketing metrics
709115,916,103978,30-34,M,30,2305,1,0.569999993,1,0,0.0433839479392624,0.569999993,0.0,,True,True,False,False,False,False,False,False,False,False,0,Low Risk,Weak,No major waste signal detected,OK,Normal,-0.10644268470364371,unusual combination of marketing metrics
709124,916,103979,30-34,M,31,1024,0,0.0,1,1,0.0,,,0.0,False,False,True,False,False,False,False,False,False,False,0,Low Risk,Insufficient Data,No major waste signal detected,Review: conversions without clicks,Normal,-0.15910835507688392,unusual combination of marketing metrics
709179,916,103988,35-39,M,15,4627,1,1.690000057,1,0,0.0216122757726388,1.690000057,0.0,,True,True,False,False,False,False,False,False,False,False,0,Low Risk,Weak,No major waste signal detected,OK,Normal,-0.1979741516646154,unusual combination of marketing metrics
709183,916,103989,35-39,M,16,21026,4,4.630000114,2,1,0.0190240654427851,1.1575000285,25.0,4.630000114,True,True,True,False,False,False,False,False,False,False,0,Low Risk,Weak,No major waste signal detected,OK,Normal,-0.13838069625758015,unusual combination of marketing metrics
709320,916,104012,35-39,M,15,1422,0,0.0,1,1,0.0,,,0.0,False,False,True,False,False,False,False,False,False,False,0,Low Risk,Insufficient Data,No major waste signal detected,Review: conversions without clicks,Normal,-0.16065031425549647,unusual combination of marketing metrics
709323,916,104012,35-39,M,15,7132,2,2.609999895,1,0,0.0280426247896803,1.3049999475,0.0,,True,True,False,False,False,False,False,False,False,False,0,Low Risk,Weak,No major waste signal detected,OK,Normal,-0.19968155330162485,unusual combination of marketing metrics
709326,916,104013,35-39,M,16,12190,2,3.049999952,1,0,0.0164068908941755,1.524999976,0.0,,True,True,False,False,False,False,False,False,False,False,0,Low Risk,Weak,No major waste signal detected,OK,Normal,-0.20633988585274388,unusual combination of marketing metrics
709327,916,104013,35-39,M,16,12193,2,3.059999943,1,1,0.0164028540966128,1.5299999715,50.0,3.059999943,True,True,True,False,False,False,False,False,False,False,0,Low Risk,Weak,No major waste signal detected,OK,Normal,-0.14850029551542637,unusual combination of marketing metrics
709328,916,104013,35-39,M,16,3332,0,0.0,1,1,0.0,,,0.0,False,False,True,False,False,False,False,False,False,False,0,Low Risk,Insufficient Data,No major waste signal detected,Review: conversions without clicks,Normal,-0.14311687647285576,unusual combination of marketing metrics
709455,916,104034,35-39,M,7,559,0,0.0,1,0,0.0,,,,False,False,False,False,False,False,False,False,False,False,0,Low Risk,Insufficient Data,No major waste signal detected,OK,Normal,-0.17797223881988206,unusual combination of marketing metrics
709544,916,104049,35-39,M,29,7440,2,2.980000019,1,1,0.0268817204301075,1.4900000095,50.0,2.980000019,True,True,True,False,False,False,False,False,False,False,0,Low Risk,Weak,No major waste signal detected,OK,Normal,-0.13890003605961054,unusual combination of marketing metrics
709614,916,104061,40-44,M,16,19113,4,5.5200001,1,0,0.0209281640768063,1.380000025,0.0,,True,True,False,False,False,False,False,False,False,False,0,Low Risk,Weak,No major waste signal detected,OK,Normal,-0.20572263036646699,unusual combination of marketing metrics
709756,916,104085,40-44,M,16,10976,2,1.690000057,1,1,0.0182215743440233,0.8450000285,50.0,1.690000057,True,True,True,False,False,False,False,False,False,False,0,Low Risk,Weak,No major waste signal detected,OK,Normal,-0.10386194687115452,unusual combination of marketing metrics
709761,916,104085,40-44,M,16,2861,0,0.0,1,0,0.0,,,,False,False,False,False,False,False,False,False,False,False,0,Low Risk,Insufficient Data,No major waste signal detected,OK,Normal,-0.17164138368546505,unusual combination of marketing metrics
709899,916,104108,40-44,M,15,1398,0,0.0,1,1,0.0,,,0.0,False,False,True,False,False,False,False,False,False,False,0,Low Risk,Insufficient Data,No major waste signal detected,Review: conversions without clicks,Normal,-0.1607273512646093,unusual combination of marketing metrics
709901,916,104109,40-44,M,16,23817,7,8.470000148,1,1,0.0293907712978124,1.2100000211428572,14.285714285714285,8.470000148,True,True,True,False,False,False,False,False,False,False,0,Low Risk,Weak,No major waste signal detected,OK,Normal,-0.15329154653985372,unusual combination of marketing metrics
710045,916,104133,45-49,M,16,47224,12,15.82000017,1,0,0.0254108080636964,1.3183333475,0.0,,True,True,False,False,True,False,False,False,False,False,2,Medium Risk,Moderate,10+ clicks but no approved conversions,OK,Normal,-0.19127650542314056,clicks without approved conversions
710088,916,104140,45-49,M,24,2283,1,1.470000029,1,0,0.043802014892685,1.470000029,0.0,,True,True,False,False,False,False,False,False,False,False,0,Low Risk,Weak,No major waste signal detected,OK,Normal,-0.16212412155843853,unusual combination of marketing metrics
710360,916,104185,45-49,M,21,2182,1,1.529999971,1,1,0.0458295142071494,1.529999971,100.0,1.529999971,True,True,True,False,False,False,False,False,False,False,0,Low Risk,Weak,No major waste signal detected,OK,Normal,-0.06195321575841334,unusual combination of marketing metrics
710477,916,104205,30-34,F,16,2654,0,0.0,1,1,0.0,,,0.0,False,False,True,False,False,False,False,False,False,False,0,Low Risk,Insufficient Data,No major waste signal detected,Review: conversions without clicks,Normal,-0.14979297396787916,unusual combination of marketing metrics
710480,916,104205,30-34,F,16,57665,14,18.06999969,1,1,0.0242781583282753,1.2907142635714286,7.142857142857142,18.06999969,True,True,True,False,False,False,False,False,False,False,0,Low Risk,Moderate,No major waste signal detected,OK,Normal,-0.16861929751445554,unusual combination of marketing metrics
710571,916,104220,30-34,F,32,3091,1,1.610000014,1,1,0.0323519896473633,1.610000014,100.0,1.610000014,True,True,True,False,False,False,False,False,False,False,0,Low Risk,Weak,No major waste signal detected,OK,Normal,-0.08988591241471666,unusual combination of marketing metrics
710617,916,104228,30-34,F,15,5014,1,1.190000057,1,0,0.0199441563621858,1.190000057,0.0,,True,True,False,False,False,False,False,False,False,False,0,Low Risk,Weak,No major waste signal detected,OK,Normal,-0.1961273763303455,unusual combination of marketing metrics
710623,916,104229,30-34,F,16,38726,7,9.220000267,1,0,0.0180757114083561,1.3171428952857145,0.0,,True,True,False,False,False,False,False,False,False,False,0,Low Risk,Weak,No major waste signal detected,OK,Normal,-0.19650463355863296,unusual combination of marketing metrics
710628,916,104230,30-34,F,18,1473,0,0.0,1,0,0.0,,,,False,False,False,False,False,False,False,False,False,False,0,Low Risk,Insufficient Data,No major waste signal detected,OK,Normal,-0.17719083101271954,unusual combination of marketing metrics
710682,916,104239,30-34,F,27,1186,0,0.0,1,0,0.0,,,,False,False,False,False,False,False,False,False,False,False,0,Low Risk,Insufficient Data,No major waste signal detected,OK,Normal,-0.17731879651880067,unusual combination of marketing metrics
710763,916,104252,30-34,F,15,5369,1,1.50999999,1,0,0.0186254423542559,1.50999999,0.0,,True,True,False,False,False,False,False,False,False,False,0,Low Risk,Weak,No major waste signal detected,OK,Normal,-0.20750621021086185,unusual combination of marketing metrics
710836,916,104265,30-34,F,29,22221,7,9.430000067,1,1,0.0315017325952927,1.3471428667142855,14.285714285714285,9.430000067,True,True,True,False,False,False,False,False,False,False,0,Low Risk,Weak,No major waste signal detected,OK,Normal,-0.1603678612225065,unusual combination of marketing metrics
710867,916,104270,30-34,F,63,1185,0,0.0,1,0,0.0,,,,False,False,False,False,False,False,False,False,False,False,0,Low Risk,Insufficient Data,No major waste signal detected,OK,Normal,-0.17731879651880067,unusual combination of marketing metrics
710880,916,104272,30-34,F,65,13019,5,6.960000038,1,0,0.0384054074813733,1.3920000076,0.0,,True,True,False,False,False,False,False,False,False,False,0,Low Risk,Weak,No major waste signal detected,OK,Normal,-0.17907303483718773,unusual combination of marketing metrics
710961,916,104285,35-39,F,25,2508,1,1.220000029,1,0,0.0398724082934609,1.220000029,0.0,,True,True,False,False,False,False,False,False,False,False,0,Low Risk,Weak,No major waste signal detected,OK,Normal,-0.16871622540741332,unusual combination of marketing metrics
710968,916,104287,35-39,F,27,5864,2,2.799999952,1,1,0.034106412005457,1.399999976,50.0,2.799999952,True,True,True,False,False,False,False,False,False,False,0,Low Risk,Weak,No major waste signal detected,OK,Normal,-0.1297774887744892,unusual combination of marketing metrics
711217,916,104328,35-39,F,20,2783,1,1.600000024,1,0,0.0359324469996406,1.600000024,0.0,,True,True,False,False,False,False,False,False,False,False,0,Low Risk,Weak,No major waste signal detected,OK,Normal,-0.17841053976191218,unusual combination of marketing metrics
711623,916,104396,40-44,F,15,3812,1,1.129999995,2,1,0.0262329485834207,1.129999995,100.0,1.129999995,True,True,True,False,False,False,False,False,False,False,0,Low Risk,Weak,No major waste signal detected,OK,Normal,-0.062943431979466,unusual combination of marketing metrics
711764,916,104419,45-49,F,10,11199,4,5.730000019,1,1,0.0357174747745334,1.43250000475,25.0,5.730000019,True,True,True,False,False,False,False,False,False,False,0,Low Risk,Weak,No major waste signal detected,OK,Normal,-0.14349007535082664,unusual combination of marketing metrics
711785,916,104423,45-49,F,19,292,0,0.0,1,0,0.0,,,,False,False,False,False,False,False,False,False,False,False,0,Low Risk,Insufficient Data,No major waste signal detected,OK,Normal,-0.16923010211335926,unusual combination of marketing metrics
711877,916,104438,45-49,F,63,17572,7,9.379999995,1,0,0.0398361028909628,1.3399999992857143,0.0,,True,True,False,False,False,False,False,False,False,False,0,Low Risk,Weak,No major waste signal detected,OK,Normal,-0.1666787490284748,unusual combination of marketing metrics
712052,916,104467,45-49,F,10,1448,0,0.0,1,1,0.0,,,0.0,False,False,True,False,False,False,False,False,False,False,0,Low Risk,Insufficient Data,No major waste signal detected,Review: conversions without clicks,Normal,-0.15982824404312201,unusual combination of marketing metrics
734209,936,108654,30-34,M,10,1772,0,0.0,1,1,0.0,,,0.0,False,False,True,False,False,False,False,False,False,False,0,Low Risk,Insufficient Data,No major waste signal detected,Review: conversions without clicks,Normal,-0.1567979299487572,unusual combination of marketing metrics
734210,936,108654,30-34,M,10,13329,4,5.629999995,1,1,0.0300097531697801,1.40749999875,25.0,5.629999995,True,True,True,False,False,False,False,False,False,False,0,Low Risk,Weak,No major waste signal detected,OK,Normal,-0.1541764025358635,unusual combination of marketing metrics
734215,936,108655,30-34,M,15,13659,3,3.840000033,1,0,0.0219635405227322,1.280000011,0.0,,True,True,False,False,False,False,False,False,False,False,0,Low Risk,Weak,No major waste signal detected,OK,Normal,-0.20035750305492195,unusual combination of marketing metrics
734243,936,108660,30-34,M,21,739,0,0.0,1,1,0.0,,,0.0,False,False,True,False,False,False,False,False,False,False,0,Low Risk,Insufficient Data,No major waste signal detected,Review: conversions without clicks,Normal,-0.15870277280173384,unusual combination of marketing metrics
734266,936,108664,30-34,M,25,605,0,0.0,1,0,0.0,,,,False,False,False,False,False,False,False,False,False,False,0,Low Risk,Insufficient Data,No major waste signal detected,OK,Normal,-0.1795681915451342,unusual combination of marketing metrics
734272,936,108665,30-34,M,26,1030,0,0.0,1,0,0.0,,,,False,False,False,False,False,False,False,False,False,False,0,Low Risk,Insufficient Data,No major waste signal detected,OK,Normal,-0.17826939641027784,unusual combination of marketing metrics
734290,936,108668,30-34,M,29,5374,1,1.039999962,4,0,0.0186081131373278,1.039999962,0.0,,True,True,False,False,False,False,False,False,False,False,0,Low Risk,Weak,No major waste signal detected,OK,Normal,-0.14344957279163917,unusual combination of marketing metrics
734313,936,108672,30-34,M,36,790,0,0.0,1,1,0.0,,,0.0,False,False,True,False,False,False,False,False,False,False,0,Low Risk,Insufficient Data,No major waste signal detected,Review: conversions without clicks,Normal,-0.15913085478373407,unusual combination of marketing metrics
734314,936,108672,30-34,M,36,962,0,0.0,1,0,0.0,,,,False,False,False,False,False,False,False,False,False,False,0,Low Risk,Insufficient Data,No major waste signal detected,OK,Normal,-0.17778085115307385,unusual combination of marketing metrics
734352,936,108678,35-39,M,10,4423,1,1.460000038,1,1,0.0226090888537191,1.460000038,100.0,1.460000038,True,True,True,False,False,False,False,False,False,False,0,Low Risk,Weak,No major waste signal detected,OK,Normal,-0.11290425568054796,unusual combination of marketing metrics
734361,936,108680,35-39,M,16,12382,2,2.839999914,1,1,0.0161524794055887,1.419999957,50.0,2.839999914,True,True,True,False,False,False,False,False,False,False,0,Low Risk,Weak,No major waste signal detected,OK,Normal,-0.14887542030087397,unusual combination of marketing metrics
734381,936,108683,35-39,M,20,2938,1,1.350000024,1,1,0.0340367597004765,1.350000024,100.0,1.350000024,True,True,True,False,False,False,False,False,False,False,0,Low Risk,Weak,No major waste signal detected,OK,Normal,-0.09522492814395217,unusual combination of marketing metrics
734399,936,108686,35-39,M,23,239,0,0.0,1,0,0.0,,,,False,False,False,False,False,False,False,False,False,False,0,Low Risk,Insufficient Data,No major waste signal detected,OK,Normal,-0.16881381546121443,unusual combination of marketing metrics
734418,936,108689,35-39,M,26,591,0,0.0,1,0,0.0,,,,False,False,False,False,False,False,False,False,False,False,0,Low Risk,Insufficient Data,No major waste signal detected,OK,Normal,-0.17878827321509128,unusual combination of marketing metrics
734421,936,108690,35-39,M,27,10332,4,5.75,1,0,0.0387146728610143,1.4375,0.0,,True,True,False,False,False,False,False,False,False,False,0,Low Risk,Weak,No major waste signal detected,OK,Normal,-0.1803156019613168,unusual combination of marketing metrics
734427,936,108691,35-39,M,28,8259,3,3.980000019,1,0,0.0363240101707228,1.326666673,0.0,,True,True,False,False,False,False,False,False,False,False,0,Low Risk,Weak,No major waste signal detected,OK,Normal,-0.18503531428681014,unusual combination of marketing metrics
734433,936,108692,35-39,M,29,12158,3,4.449999928,1,0,0.0246751110379996,1.4833333093333334,0.0,,True,True,False,False,False,False,False,False,False,False,0,Low Risk,Weak,No major waste signal detected,OK,Normal,-0.20780757760117147,unusual combination of marketing metrics
734582,936,108716,40-44,M,29,7709,2,1.320000052,2,0,0.0259437021662991,0.660000026,0.0,,True,True,False,False,False,False,False,False,False,False,0,Low Risk,Weak,No major waste signal detected,OK,Normal,-0.13227057462755648,unusual combination of marketing metrics
734605,936,108720,40-44,M,36,834,0,0.0,1,0,0.0,,,,False,False,False,False,False,False,False,False,False,False,0,Low Risk,Insufficient Data,No major waste signal detected,OK,Normal,-0.1778957238225521,unusual combination of marketing metrics
734660,936,108729,45-49,M,18,1299,0,0.0,2,0,0.0,,,,False,False,False,False,False,False,False,False,False,False,0,Low Risk,Insufficient Data,No major waste signal detected,OK,Normal,-0.1290156442502376,unusual combination of marketing metrics
734666,936,108730,45-49,M,19,371,0,0.0,1,0,0.0,,,,False,False,False,False,False,False,False,False,False,False,0,Low Risk,Insufficient Data,No major waste signal detected,OK,Normal,-0.17297475168195048,unusual combination of marketing metrics
734726,936,108740,45-49,M,29,10466,3,4.090000033,1,0,0.0286642461303267,1.3633333443333333,0.0,,True,True,False,False,False,False,False,False,False,False,0,Low Risk,Weak,No major waste signal detected,OK,Normal,-0.20164746555055774,unusual combination of marketing metrics
734737,936,108742,45-49,M,31,839,0,0.0,1,0,0.0,,,,False,False,False,False,False,False,False,False,False,False,0,Low Risk,Insufficient Data,No major waste signal detected,OK,Normal,-0.1778957238225521,unusual combination of marketing metrics
734785,936,108750,30-34,F,10,5576,1,1.529999971,1,1,0.0179340028694404,1.529999971,100.0,1.529999971,True,True,True,False,False,False,False,False,False,False,0,Low Risk,Weak,No major waste signal detected,OK,Normal,-0.11716706269286259,unusual combination of marketing metrics
734794,936,108752,30-34,F,16,4010,0,0.0,1,0,0.0,,,,False,False,False,False,False,False,False,False,False,False,0,Low Risk,Insufficient Data,No major waste signal detected,OK,Normal,-0.1602888667185951,unusual combination of marketing metrics
734796,936,108752,30-34,F,16,39337,7,10.03000009,1,1,0.0177949513180974,1.4328571557142855,14.285714285714285,10.03000009,True,True,True,False,False,False,False,False,False,False,0,Low Risk,Weak,No major waste signal detected,OK,Normal,-0.17011950708339207,unusual combination of marketing metrics
734800,936,108753,30-34,F,18,1635,0,0.0,1,0,0.0,,,,False,False,False,False,False,False,False,False,False,False,0,Low Risk,Insufficient Data,No major waste signal detected,OK,Normal,-0.17742322069384758,unusual combination of marketing metrics
734803,936,108753,30-34,F,18,1631,0,0.0,1,0,0.0,,,,False,False,False,False,False,False,False,False,False,False,0,Low Risk,Insufficient Data,No major waste signal detected,OK,Normal,-0.17742322069384758,unusual combination of marketing metrics
734852,936,108761,30-34,F,26,13479,3,4.25,1,0,0.0222568439795237,1.4166666666666667,0.0,,True,True,False,False,False,False,False,False,False,False,0,Low Risk,Weak,No major waste signal detected,OK,Normal,-0.20831732176999246,unusual combination of marketing metrics
734854,936,108762,30-34,F,27,57022,13,20.29000032,3,3,0.0227982182315597,1.5607692553846155,23.07692307692308,6.76333344,True,True,True,False,False,False,False,False,False,False,0,Low Risk,Moderate,No major waste signal detected,OK,Normal,-0.09940106172478452,unusual combination of marketing metrics
734856,936,108762,30-34,F,27,5453,1,1.389999986,1,1,0.0183385292499541,1.389999986,100.0,1.389999986,True,True,True,False,False,False,False,False,False,False,0,Low Risk,Weak,No major waste signal detected,OK,Normal,-0.12007544295593836,unusual combination of marketing metrics
734866,936,108764,30-34,F,29,11803,3,4.440000057,1,0,0.0254172667965771,1.480000019,0.0,,True,True,False,False,False,False,False,False,False,False,0,Low Risk,Weak,No major waste signal detected,OK,Normal,-0.2060683207619331,unusual combination of marketing metrics
734881,936,108766,30-34,F,31,4259,1,1.570000052,1,1,0.0234796900680911,1.570000052,100.0,1.570000052,True,True,True,False,False,False,False,False,False,False,0,Low Risk,Weak,No major waste signal detected,OK,Normal,-0.11091509487478246,unusual combination of marketing metrics
734901,936,108770,30-34,F,64,1554,0,0.0,1,0,0.0,,,,False,False,False,False,False,False,False,False,False,False,0,Low Risk,Insufficient Data,No major waste signal detected,OK,Normal,-0.1773063387716622,unusual combination of marketing metrics
734903,936,108770,30-34,F,64,5323,1,1.289999962,1,1,0.0187863986473793,1.289999962,100.0,1.289999962,True,True,True,False,False,False,False,False,False,False,0,Low Risk,Weak,No major waste signal detected,OK,Normal,-0.11296992532614131,unusual combination of marketing metrics
734925,936,108774,35-39,F,10,5024,1,1.409999967,1,1,0.0199044585987261,1.409999967,100.0,1.409999967,True,True,True,False,False,False,False,False,False,False,0,Low Risk,Weak,No major waste signal detected,OK,Normal,-0.11870987438737512,unusual combination of marketing metrics
734939,936,108776,35-39,F,16,104648,24,33.33000004,4,2,0.0229340264505771,1.3887500016666667,8.333333333333332,16.66500002,True,True,True,False,False,False,False,False,False,False,0,Low Risk,Moderate,No major waste signal detected,OK,Normal,-0.13392193958512644,unusual combination of marketing metrics
734968,936,108781,35-39,F,22,8504,3,3.340000093,1,1,0.035277516462841,1.1133333643333334,33.33333333333333,3.340000093,True,True,True,False,False,False,False,False,False,False,0,Low Risk,Weak,No major waste signal detected,OK,Normal,-0.12004533539250667,unusual combination of marketing metrics
734999,936,108786,35-39,F,27,20277,6,8.050000072,1,0,0.0295901760615475,1.341666678666667,0.0,,True,True,False,False,False,False,False,False,False,False,0,Low Risk,Weak,No major waste signal detected,OK,Normal,-0.19290392436971254,unusual combination of marketing metrics
735014,936,108788,35-39,F,29,12403,4,5.210000038,1,1,0.032250262033379,1.3025000095,25.0,5.210000038,True,True,True,False,False,False,False,False,False,False,0,Low Risk,Weak,No major waste signal detected,OK,Normal,-0.15017205024361502,unusual combination of marketing metrics
735032,936,108791,35-39,F,32,498,0,0.0,1,1,0.0,,,0.0,False,False,True,False,False,False,False,False,False,False,0,Low Risk,Insufficient Data,No major waste signal detected,Review: conversions without clicks,Normal,-0.15701187731047506,unusual combination of marketing metrics
735033,936,108792,35-39,F,36,652,0,0.0,0,0,0.0,,,,False,False,False,False,False,False,False,False,False,False,0,Low Risk,Insufficient Data,No major waste signal detected,OK,Normal,-0.127001878866571,unusual combination of marketing metrics
735043,936,108793,35-39,F,63,1357,0,0.0,1,1,0.0,,,0.0,False,False,True,False,False,False,False,False,False,False,0,Low Risk,Insufficient Data,No major waste signal detected,Review: conversions without clicks,Normal,-0.1601613339054015,unusual combination of marketing metrics
735048,936,108794,35-39,F,64,1393,0,0.0,1,0,0.0,,,,False,False,False,False,False,False,False,False,False,False,0,Low Risk,Insufficient Data,No major waste signal detected,OK,Normal,-0.17741496394955947,unusual combination of marketing metrics
735065,936,108797,40-44,F,7,648,0,0.0,1,0,0.0,,,,False,False,False,False,False,False,False,False,False,False,0,Low Risk,Insufficient Data,No major waste signal detected,OK,Normal,-0.17938637514308503,unusual combination of marketing metrics
735109,936,108804,40-44,F,21,708,0,0.0,1,1,0.0,,,0.0,False,False,True,False,False,False,False,False,False,False,0,Low Risk,Insufficient Data,No major waste signal detected,Review: conversions without clicks,Normal,-0.158631274417685,unusual combination of marketing metrics
735140,936,108809,40-44,F,26,6907,2,2.349999964,1,0,0.0289561314608368,1.174999982,0.0,,True,True,False,False,False,False,False,False,False,False,0,Low Risk,Weak,No major waste signal detected,OK,Normal,-0.18844218332655732,unusual combination of marketing metrics
735143,936,108810,40-44,F,27,39035,13,19.32999957,1,0,0.0333034456257205,1.4869230438461538,0.0,,True,True,False,False,True,False,False,False,False,False,2,Medium Risk,Moderate,10+ clicks but no approved conversions,OK,Normal,-0.18447763090527658,clicks without approved conversions
735151,936,108811,40-44,F,28,926,0,0.0,1,0,0.0,,,,False,False,False,False,False,False,False,False,False,False,0,Low Risk,Insufficient Data,No major waste signal detected,OK,Normal,-0.17778085115307385,unusual combination of marketing metrics
735184,936,108817,40-44,F,63,4412,1,1.450000048,1,0,0.0226654578422484,1.450000048,0.0,,True,True,False,False,False,False,False,False,False,False,0,Low Risk,Weak,No major waste signal detected,OK,Normal,-0.20659488901944534,unusual combination of marketing metrics
735189,936,108818,40-44,F,64,9965,3,4.050000072,1,0,0.0301053687907676,1.350000024,0.0,,True,True,False,False,False,False,False,False,False,False,0,Low Risk,Weak,No major waste signal detected,OK,Normal,-0.1994144970361431,unusual combination of marketing metrics
735213,936,108822,45-49,F,10,73634,23,32.97999978,1,0,0.0312355705244859,1.4339130339130437,0.0,,True,True,False,False,True,False,False,False,False,False,2,Medium Risk,Moderate,10+ clicks but no approved conversions,OK,Normal,-0.17418132928083574,clicks without approved conversions
735220,936,108823,45-49,F,15,69708,20,31.28999949,1,0,0.0286911114936592,1.5644999745,0.0,,True,True,False,False,True,False,False,False,False,False,2,Medium Risk,Moderate,10+ clicks but no approved conversions,OK,Normal,-0.1790804225540359,clicks without approved conversions
735242,936,108826,45-49,F,19,530,0,0.0,1,0,0.0,,,,False,False,False,False,False,False,False,False,False,False,0,Low Risk,Insufficient Data,No major waste signal detected,OK,Normal,-0.17755302725962574,unusual combination of marketing metrics
735247,936,108827,45-49,F,20,14257,6,8.789999962,1,0,0.0420845900259521,1.4649999936666669,0.0,,True,True,False,False,False,False,False,False,False,False,0,Low Risk,Weak,No major waste signal detected,OK,Normal,-0.16833669102594878,unusual combination of marketing metrics
735289,936,108834,45-49,F,27,20362,5,9.119999886,1,1,0.0245555446419801,1.8239999772,20.0,9.119999886,True,True,True,False,False,False,False,False,False,False,0,Low Risk,Weak,No major waste signal detected,OK,Normal,-0.1479250755810969,very high CPC
735290,936,108834,45-49,F,27,12215,4,6.26000011,1,0,0.0327466230045026,1.5650000275,0.0,,True,True,False,False,False,False,False,False,False,False,0,Low Risk,Weak,No major waste signal detected,OK,Normal,-0.1897102711273435,unusual combination of marketing metrics
735298,936,108836,45-49,F,29,85412,28,38.63999999,2,1,0.0327822788366974,1.3799999996428571,3.571428571428571,38.63999999,True,True,True,False,False,False,False,False,False,False,0,Low Risk,Moderate,No major waste signal detected,OK,Normal,-0.14215583735338827,unusual combination of marketing metrics
736869,936,109448,30-34,M,2,2338,1,0.239999995,1,0,0.0427715996578272,0.239999995,0.0,,True,True,False,False,False,False,False,False,False,False,0,Low Risk,Weak,No major waste signal detected,OK,Normal,-0.10521337601675973,unusual combination of marketing metrics
736890,936,109451,30-34,M,15,2522,0,0.0,1,0,0.0,,,,False,False,False,False,False,False,False,False,False,False,0,Low Risk,Insufficient Data,No major waste signal detected,OK,Normal,-0.17458856545022278,unusual combination of marketing metrics
736893,936,109452,30-34,M,16,3587,0,0.0,1,0,0.0,,,,False,False,False,False,False,False,False,False,False,False,0,Low Risk,Insufficient Data,No major waste signal detected,OK,Normal,-0.16584035501904093,unusual combination of marketing metrics
736977,936,109470,30-34,M,27,1273,0,0.0,1,0,0.0,,,,False,False,False,False,False,False,False,False,False,False,0,Low Risk,Insufficient Data,No major waste signal detected,OK,Normal,-0.17831631127055975,unusual combination of marketing metrics
736988,936,109472,30-34,M,28,3891,1,1.090000033,1,0,0.0257003341043433,1.090000033,0.0,,True,True,False,False,False,False,False,False,False,False,0,Low Risk,Weak,No major waste signal detected,OK,Normal,-0.18294481362688852,unusual combination of marketing metrics
736995,936,109473,30-34,M,29,1888,0,0.0,1,0,0.0,,,,False,False,False,False,False,False,False,False,False,False,0,Low Risk,Insufficient Data,No major waste signal detected,OK,Normal,-0.1758910428503343,unusual combination of marketing metrics
736997,936,109473,30-34,M,29,1895,0,0.0,1,0,0.0,,,,False,False,False,False,False,False,False,False,False,False,0,Low Risk,Insufficient Data,No major waste signal detected,OK,Normal,-0.1758910428503343,unusual combination of marketing metrics
737097,936,109498,35-39,M,7,715,0,0.0,1,0,0.0,,,,False,False,False,False,False,False,False,False,False,False,0,Low Risk,Insufficient Data,No major waste signal detected,OK,Normal,-0.178995984243296,unusual combination of marketing metrics
737130,936,109507,35-39,M,16,11199,2,2.680000067,1,0,0.0178587373872667,1.3400000335,0.0,,True,True,False,False,False,False,False,False,False,False,0,Low Risk,Weak,No major waste signal detected,OK,Normal,-0.2056202950484644,unusual combination of marketing metrics
737320,936,109553,35-39,M,63,5676,2,3.00999999,1,0,0.0352360817477096,1.504999995,0.0,,True,True,False,False,False,False,False,False,False,False,0,Low Risk,Weak,No major waste signal detected,OK,Normal,-0.19122688975578644,unusual combination of marketing metrics
737375,936,109565,40-44,M,10,1415,0,0.0,1,0,0.0,,,,False,False,False,False,False,False,False,False,False,False,0,Low Risk,Insufficient Data,No major waste signal detected,OK,Normal,-0.17771270137082307,unusual combination of marketing metrics
737524,936,109601,40-44,M,30,2148,1,1.580000043,1,1,0.0465549348230912,1.580000043,100.0,1.580000043,True,True,True,False,False,False,False,False,False,False,0,Low Risk,Weak,No major waste signal detected,OK,Normal,-0.0531076137515325,unusual combination of marketing metrics
737644,936,109629,45-49,M,16,45401,10,14.06000042,1,0,0.0220259465650536,1.406000042,0.0,,True,True,False,False,True,False,False,False,False,False,2,Medium Risk,Moderate,10+ clicks but no approved conversions,OK,Normal,-0.19892702334935836,clicks without approved conversions
737657,936,109633,45-49,M,18,7478,2,2.900000095,1,1,0.0267451190157796,1.4500000475,50.0,2.900000095,True,True,True,False,False,False,False,False,False,False,0,Low Risk,Weak,No major waste signal detected,OK,Normal,-0.13879272934357195,unusual combination of marketing metrics
737658,936,109633,45-49,M,18,4919,1,1.590000033,1,0,0.0203293352307379,1.590000033,0.0,,True,True,False,False,False,False,False,False,False,False,0,Low Risk,Weak,No major waste signal detected,OK,Normal,-0.2026892753070922,unusual combination of marketing metrics
737674,936,109637,45-49,M,20,533,0,0.0,1,1,0.0,,,0.0,False,False,True,False,False,False,False,False,False,False,0,Low Risk,Insufficient Data,No major waste signal detected,Review: conversions without clicks,Normal,-0.15704020921509465,unusual combination of marketing metrics
737766,936,109659,45-49,M,29,1447,0,0.0,1,1,0.0,,,0.0,False,False,True,False,False,False,False,False,False,False,0,Low Risk,Insufficient Data,No major waste signal detected,Review: conversions without clicks,Normal,-0.15982824404312201,unusual combination of marketing metrics
737896,936,109689,30-34,F,16,17553,3,4.590000153,1,0,0.017091095539224,1.530000051,0.0,,True,True,False,False,False,False,False,False,False,False,0,Low Risk,Weak,No major waste signal detected,OK,Normal,-0.20608461810425688,unusual combination of marketing metrics
737931,936,109698,30-34,F,20,3343,1,0.540000021,1,0,0.0299132515704457,0.540000021,0.0,,True,True,False,False,False,False,False,False,False,False,0,Low Risk,Weak,No major waste signal detected,OK,Normal,-0.1360255467864649,unusual combination of marketing metrics
737961,936,109706,30-34,F,23,523,0,0.0,1,0,0.0,,,,False,False,False,False,False,False,False,False,False,False,0,Low Risk,Insufficient Data,No major waste signal detected,OK,Normal,-0.17733167007123074,unusual combination of marketing metrics
737995,936,109714,30-34,F,26,1873,0,0.0,1,0,0.0,,,,False,False,False,False,False,False,False,False,False,False,0,Low Risk,Insufficient Data,No major waste signal detected,OK,Normal,-0.17602124909200195,unusual combination of marketing metrics
738006,936,109717,30-34,F,27,34740,7,13.41000009,1,1,0.0201496833621185,1.9157142985714288,14.285714285714285,13.41000009,True,True,True,False,False,False,False,False,False,False,0,Low Risk,Weak,No major waste signal detected,OK,Normal,-0.14766737878161978,very high CPC
738067,936,109731,30-34,F,32,658,0,0.0,1,0,0.0,,,,False,False,False,False,False,False,False,False,False,False,0,Low Risk,Insufficient Data,No major waste signal detected,OK,Normal,-0.17938637514308503,unusual combination of marketing metrics
738098,936,109738,30-34,F,64,1539,0,0.0,1,0,0.0,,,,False,False,False,False,False,False,False,False,False,False,0,Low Risk,Insufficient Data,No major waste signal detected,OK,Normal,-0.1773063387716622,unusual combination of marketing metrics
738307,936,109788,35-39,F,31,3010,1,0.860000014,1,1,0.0332225913621262,0.860000014,100.0,0.860000014,True,True,True,False,False,False,False,False,False,False,0,Low Risk,Weak,No major waste signal detected,OK,Normal,-0.05032136518129371,unusual combination of marketing metrics
738389,936,109808,40-44,F,10,27081,9,10.77000046,1,1,0.0332336324360252,1.196666717777778,11.11111111111111,10.77000046,True,True,True,False,False,False,False,False,False,False,0,Low Risk,Weak,No major waste signal detected,OK,Normal,-0.14581787600266716,unusual combination of marketing metrics
738408,936,109813,40-44,F,16,20233,4,5.590000153,3,0,0.0197696831908268,1.39750003825,0.0,,True,True,False,False,False,False,False,False,False,False,0,Low Risk,Weak,No major waste signal detected,OK,Normal,-0.1779351178230537,unusual combination of marketing metrics
738413,936,109813,40-44,F,16,147159,36,58.16000044,3,1,0.0244633355758057,1.6155555677777778,2.7777777777777777,58.16000044,True,True,True,False,False,False,False,False,True,False,1,Low Risk,Moderate,high CPA,OK,Normal,-0.14467289239609743,unusual combination of marketing metrics
738423,936,109816,40-44,F,18,21664,7,10.61999977,1,1,0.0323116691285081,1.5171428242857143,14.285714285714285,10.61999977,True,True,True,False,False,False,False,False,False,False,0,Low Risk,Weak,No major waste signal detected,OK,Normal,-0.15311336817782906,unusual combination of marketing metrics
738436,936,109820,40-44,F,19,9112,4,5.460000038,1,1,0.0438981562774363,1.3650000095,25.0,5.460000038,True,True,True,False,False,False,False,False,False,False,0,Low Risk,Weak,No major waste signal detected,OK,Normal,-0.11673007886756442,unusual combination of marketing metrics
738463,936,109826,40-44,F,21,542,0,0.0,1,0,0.0,,,,False,False,False,False,False,False,False,False,False,False,0,Low Risk,Insufficient Data,No major waste signal detected,OK,Normal,-0.17797223881988206,unusual combination of marketing metrics
738528,936,109839,40-44,F,30,402,0,0.0,1,1,0.0,,,0.0,False,False,True,False,False,False,False,False,False,False,0,Low Risk,Insufficient Data,No major waste signal detected,Review: conversions without clicks,Normal,-0.15587866860166755,unusual combination of marketing metrics
738560,936,109844,40-44,F,64,1338,0,0.0,1,0,0.0,,,,False,False,False,False,False,False,False,False,False,False,0,Low Risk,Insufficient Data,No major waste signal detected,OK,Normal,-0.17811255425341438,unusual combination of marketing metrics
738582,936,109848,45-49,F,10,46150,15,20.17999983,1,1,0.0325027085590465,1.345333322,6.666666666666667,20.17999983,True,True,True,False,False,False,False,False,False,False,0,Low Risk,Moderate,No major waste signal detected,OK,Normal,-0.14998180405660583,unusual combination of marketing metrics
738592,936,109850,45-49,F,16,493821,116,176.3799977,4,1,0.0234902930414056,1.520517221551724,0.8620689655172413,176.3799977,True,True,True,False,False,False,False,False,True,True,2,Medium Risk,Strong,high CPA,OK,Normal,-0.060554160265852586,very high CPA; unusually high spend
738593,936,109850,45-49,F,16,92011,27,34.39000046,2,1,0.0293443175272521,1.273703720740741,3.7037037037037033,34.39000046,True,True,True,False,False,False,False,False,False,False,0,Low Risk,Moderate,No major waste signal detected,OK,Normal,-0.1464497660640836,unusual combination of marketing metrics
738598,936,109851,45-49,F,18,12956,4,5.49000001,1,1,0.0308737264587835,1.3725000025,25.0,5.49000001,True,True,True,False,False,False,False,False,False,False,0,Low Risk,Weak,No major waste signal detected,OK,Normal,-0.15338108943086626,unusual combination of marketing metrics
738606,936,109852,45-49,F,19,529,0,0.0,1,0,0.0,,,,False,False,False,False,False,False,False,False,False,False,0,Low Risk,Insufficient Data,No major waste signal detected,OK,Normal,-0.17755302725962574,unusual combination of marketing metrics
738637,936,109857,45-49,F,24,944,1,1.419999957,1,0,0.1059322033898305,1.419999957,0.0,,True,True,False,False,False,False,False,False,False,False,0,Low Risk,Weak,No major waste signal detected,OK,Normal,-0.08482599280032949,unusual combination of marketing metrics
738648,936,109859,45-49,F,26,111090,38,51.97000027,5,1,0.0342064992348546,1.3676315860526316,2.631578947368421,51.97000027,True,True,True,False,False,False,False,False,False,False,0,Low Risk,Moderate,No major waste signal detected,OK,Normal,-0.10404797186212444,unusual combination of marketing metrics
747212,936,110836,30-34,M,10,7208,2,3.190000057,1,0,0.027746947835738,1.5950000285,0.0,,True,True,False,False,False,False,False,False,False,False,0,Low Risk,Weak,No major waste signal detected,OK,Normal,-0.19571871731215557,unusual combination of marketing metrics
747213,936,110836,30-34,M,10,1746,0,0.0,1,0,0.0,,,,False,False,False,False,False,False,False,False,False,False,0,Low Risk,Insufficient Data,No major waste signal detected,OK,Normal,-0.17666090274470475,unusual combination of marketing metrics
747220,936,110837,30-34,M,15,2474,0,0.0,2,2,0.0,,,0.0,False,False,True,False,False,False,False,False,False,False,0,Low Risk,Insufficient Data,No major waste signal detected,Review: conversions without clicks,Normal,-0.06075070064488419,unusual combination of marketing metrics
747222,936,110838,30-34,M,16,12489,2,1.960000038,1,0,0.0160140924013131,0.980000019,0.0,,True,True,False,False,False,False,False,False,False,False,0,Low Risk,Weak,No major waste signal detected,OK,Normal,-0.17863279485548078,unusual combination of marketing metrics
747223,936,110838,30-34,M,16,8032,1,0.600000024,2,0,0.0124501992031872,0.600000024,0.0,,True,True,False,False,False,False,False,False,False,False,0,Low Risk,Weak,No major waste signal detected,OK,Normal,-0.13919124154250395,unusual combination of marketing metrics
747248,936,110842,30-34,M,21,472,0,0.0,1,1,0.0,,,0.0,False,False,True,False,False,False,False,False,False,False,0,Low Risk,Insufficient Data,No major waste signal detected,Review: conversions without clicks,Normal,-0.15701187731047506,unusual combination of marketing metrics
747332,936,110856,30-34,M,64,792,0,0.0,1,1,0.0,,,0.0,False,False,True,False,False,False,False,False,False,False,0,Low Risk,Insufficient Data,No major waste signal detected,Review: conversions without clicks,Normal,-0.15913085478373407,unusual combination of marketing metrics
747362,936,110861,35-39,M,15,4607,1,1.149999976,1,1,0.0217060994139353,1.149999976,100.0,1.149999976,True,True,True,False,False,False,False,False,False,False,0,Low Risk,Weak,No major waste signal detected,OK,Normal,-0.09806074238844975,unusual combination of marketing metrics
747369,936,110862,35-39,M,16,13355,2,3.180000067,1,1,0.0149756645451141,1.5900000335,50.0,3.180000067,True,True,True,False,False,False,False,False,False,False,0,Low Risk,Weak,No major waste signal detected,OK,Normal,-0.14668378654275277,unusual combination of marketing metrics
747370,936,110862,35-39,M,16,2936,0,0.0,1,0,0.0,,,,False,False,False,False,False,False,False,False,False,False,0,Low Risk,Insufficient Data,No major waste signal detected,OK,Normal,-0.17090059497555987,unusual combination of marketing metrics
747401,936,110867,35-39,M,22,2793,1,0.980000019,1,1,0.0358037952022914,0.980000019,100.0,0.980000019,True,True,True,False,False,False,False,False,False,False,0,Low Risk,Weak,No major waste signal detected,OK,Normal,-0.054262528125024856,unusual combination of marketing metrics
747435,936,110873,35-39,M,28,1032,0,0.0,1,0,0.0,,,,False,False,False,False,False,False,False,False,False,False,0,Low Risk,Insufficient Data,No major waste signal detected,OK,Normal,-0.17826939641027784,unusual combination of marketing metrics
747439,936,110874,35-39,M,29,1662,0,0.0,1,1,0.0,,,0.0,False,False,True,False,False,False,False,False,False,False,0,Low Risk,Insufficient Data,No major waste signal detected,Review: conversions without clicks,Normal,-0.15788081848947866,unusual combination of marketing metrics
747489,936,110882,40-44,M,2,4016,2,1.480000049,1,1,0.049800796812749,0.7400000245,50.0,1.480000049,True,True,True,False,False,False,False,False,False,False,0,Low Risk,Weak,No major waste signal detected,OK,Normal,-0.033546293338842514,unusual combination of marketing metrics
747514,936,110886,40-44,M,16,14843,3,2.939999938,1,1,0.0202115475308226,0.9799999793333334,33.33333333333333,2.939999938,True,True,True,False,False,False,False,False,False,False,0,Low Risk,Weak,No major waste signal detected,OK,Normal,-0.12882026851570194,unusual combination of marketing metrics
747645,936,110908,45-49,M,10,9674,3,4.600000024,1,1,0.031010957204879,1.5333333413333332,33.33333333333333,4.600000024,True,True,True,False,False,False,False,False,False,False,0,Low Risk,Weak,No major waste signal detected,OK,Normal,-0.1442962803218258,unusual combination of marketing metrics
747659,936,110910,45-49,M,16,12186,2,2.669999957,1,0,0.0164122763827342,1.3349999785,0.0,,True,True,False,False,False,False,False,False,False,False,0,Low Risk,Weak,No major waste signal detected,OK,Normal,-0.20494299095961716,unusual combination of marketing metrics
747675,936,110913,45-49,M,20,673,0,0.0,1,0,0.0,,,,False,False,False,False,False,False,False,False,False,False,0,Low Risk,Insufficient Data,No major waste signal detected,OK,Normal,-0.17938637514308503,unusual combination of marketing metrics
747678,936,110914,45-49,M,21,370,0,0.0,1,1,0.0,,,0.0,False,False,True,False,False,False,False,False,False,False,0,Low Risk,Insufficient Data,No major waste signal detected,Review: conversions without clicks,Normal,-0.15587866860166755,unusual combination of marketing metrics
747712,936,110919,45-49,M,26,450,0,0.0,1,1,0.0,,,0.0,False,False,True,False,False,False,False,False,False,False,0,Low Risk,Insufficient Data,No major waste signal detected,Review: conversions without clicks,Normal,-0.156967199008047,unusual combination of marketing metrics
747790,936,110932,30-34,F,10,2077,0,0.0,1,1,0.0,,,0.0,False,False,True,False,False,False,False,False,False,False,0,Low Risk,Insufficient Data,No major waste signal detected,Review: conversions without clicks,Normal,-0.15388359841070265,unusual combination of marketing metrics
747791,936,110932,30-34,F,10,31393,8,10.96000051,1,1,0.0254833880164367,1.37000006375,12.5,10.96000051,True,True,True,False,False,False,False,False,False,False,0,Low Risk,Weak,No major waste signal detected,OK,Normal,-0.16332612641727284,unusual combination of marketing metrics
747795,936,110933,30-34,F,15,8410,2,2.359999895,1,1,0.0237812128418549,1.1799999475,50.0,2.359999895,True,True,True,False,False,False,False,False,False,False,0,Low Risk,Weak,No major waste signal detected,OK,Normal,-0.13476686042396863,unusual combination of marketing metrics
747798,936,110934,30-34,F,16,25884,5,7.350000143,1,0,0.0193169525575645,1.4700000286,0.0,,True,True,False,False,False,False,False,False,False,False,0,Low Risk,Weak,No major waste signal detected,OK,Normal,-0.20555341343900468,unusual combination of marketing metrics
747824,936,110938,30-34,F,21,608,0,0.0,1,1,0.0,,,0.0,False,False,True,False,False,False,False,False,False,False,0,Low Risk,Insufficient Data,No major waste signal detected,Review: conversions without clicks,Normal,-0.15837304165713145,unusual combination of marketing metrics
747828,936,110939,30-34,F,22,28488,10,9.340000033,1,0,0.03510249929795,0.9340000033,0.0,,True,True,False,False,True,False,False,False,False,False,2,Medium Risk,Moderate,10+ clicks but no approved conversions,OK,Normal,-0.14722028607352527,clicks without approved conversions
747852,936,110943,30-34,F,26,10126,3,4.619999886,1,0,0.0296267035354532,1.5399999619999998,0.0,,True,True,False,False,False,False,False,False,False,False,0,Low Risk,Weak,No major waste signal detected,OK,Normal,-0.19744418672361536,unusual combination of marketing metrics
747859,936,110944,30-34,F,27,22572,5,8.5,1,0,0.0221513379408116,1.7,0.0,,True,True,False,False,False,False,False,False,False,False,0,Low Risk,Weak,No major waste signal detected,OK,Normal,-0.1963075685259119,unusual combination of marketing metrics
747863,936,110944,30-34,F,27,1955,0,0.0,1,1,0.0,,,0.0,False,False,True,False,False,False,False,False,False,False,0,Low Risk,Insufficient Data,No major waste signal detected,Review: conversions without clicks,Normal,-0.1553866051156506,unusual combination of marketing metrics
747879,936,110947,30-34,F,30,493,0,0.0,1,0,0.0,,,,False,False,False,False,False,False,False,False,False,False,0,Low Risk,Insufficient Data,No major waste signal detected,OK,Normal,-0.17747619605343334,unusual combination of marketing metrics
747903,936,110951,30-34,F,63,1491,0,0.0,1,1,0.0,,,0.0,False,False,True,False,False,False,False,False,False,False,0,Low Risk,Insufficient Data,No major waste signal detected,Review: conversions without clicks,Normal,-0.1595202333250741,unusual combination of marketing metrics
747911,936,110952,30-34,F,64,1495,0,0.0,1,1,0.0,,,0.0,False,False,True,False,False,False,False,False,False,False,0,Low Risk,Insufficient Data,No major waste signal detected,Review: conversions without clicks,Normal,-0.15958476661455506,unusual combination of marketing metrics
747968,936,110962,35-39,F,21,512,0,0.0,0,0,0.0,,,,False,False,False,False,False,False,False,False,False,False,0,Low Risk,Insufficient Data,No major waste signal detected,OK,Normal,-0.1244949500702553,unusual combination of marketing metrics
747991,936,110966,35-39,F,25,4868,2,2.420000076,1,0,0.0410846343467543,1.210000038,0.0,,True,True,False,False,False,False,False,False,False,False,0,Low Risk,Weak,No major waste signal detected,OK,Normal,-0.1677320532255842,unusual combination of marketing metrics
748000,936,110967,35-39,F,26,6585,2,2.950000048,1,0,0.0303720577069096,1.475000024,0.0,,True,True,False,False,False,False,False,False,False,False,0,Low Risk,Weak,No major waste signal detected,OK,Normal,-0.19900818735553677,unusual combination of marketing metrics
748007,936,110968,35-39,F,27,10164,2,3.720000029,1,1,0.0196772924045651,1.8600000145,50.0,3.720000029,True,True,True,False,False,False,False,False,False,False,0,Low Risk,Weak,No major waste signal detected,OK,Normal,-0.12321866590621694,very high CPC
748014,936,110970,35-39,F,29,11182,4,4.449999809,1,0,0.0357717760686818,1.11249995225,0.0,,True,True,False,False,False,False,False,False,False,False,0,Low Risk,Weak,No major waste signal detected,OK,Normal,-0.16868132861296248,unusual combination of marketing metrics
748045,936,110975,35-39,F,63,1238,0,0.0,1,0,0.0,,,,False,False,False,False,False,False,False,False,False,False,0,Low Risk,Insufficient Data,No major waste signal detected,OK,Normal,-0.17805740806497738,unusual combination of marketing metrics
748086,936,110982,40-44,F,16,34127,8,13.07000017,1,0,0.0234418495619304,1.63375002125,0.0,,True,True,False,False,False,False,False,False,False,False,0,Low Risk,Weak,No major waste signal detected,OK,Normal,-0.1954874405769923,unusual combination of marketing metrics
748087,936,110982,40-44,F,16,29466,7,10.84999967,2,0,0.0237561935790402,1.5499999528571429,0.0,,True,True,False,False,False,False,False,False,False,False,0,Low Risk,Weak,No major waste signal detected,OK,Normal,-0.18811066798610337,unusual combination of marketing metrics
748089,936,110982,40-44,F,16,38759,9,10.84999967,1,0,0.0232204133233571,1.205555518888889,0.0,,True,True,False,False,False,False,False,False,False,False,0,Low Risk,Weak,No major waste signal detected,OK,Normal,-0.18551554775314721,unusual combination of marketing metrics
748091,936,110982,40-44,F,16,41720,10,12.06000006,1,1,0.0239693192713326,1.206000006,10.0,12.06000006,True,True,True,False,False,False,False,False,False,False,0,Low Risk,Moderate,No major waste signal detected,OK,Normal,-0.16250742208426455,unusual combination of marketing metrics
748225,936,111005,45-49,F,15,18602,5,8.860000134,1,0,0.0268788302333082,1.7720000268,0.0,,True,True,False,False,False,False,False,False,False,False,0,Low Risk,Weak,No major waste signal detected,OK,Normal,-0.17719984919573678,very high CPC
748230,936,111006,45-49,F,16,83929,21,27.72999954,4,1,0.0250211488281761,1.3204761685714286,4.761904761904762,27.72999954,True,True,True,False,False,False,False,False,False,False,0,Low Risk,Moderate,No major waste signal detected,OK,Normal,-0.15189728881918813,unusual combination of marketing metrics
748231,936,111006,45-49,F,16,25194,6,7.349999905,1,0,0.0238151940938318,1.2249999841666666,0.0,,True,True,False,False,False,False,False,False,False,False,0,Low Risk,Weak,No major waste signal detected,OK,Normal,-0.19075436742299517,unusual combination of marketing metrics
748233,936,111006,45-49,F,16,78627,19,26.53000045,1,0,0.0241647271293576,1.3963158131578948,0.0,,True,True,False,False,True,False,False,False,False,False,2,Medium Risk,Moderate,10+ clicks but no approved conversions,OK,Normal,-0.19504278702609967,clicks without approved conversions
748235,936,111006,45-49,F,16,102695,25,39.42999983,3,0,0.0243439310579872,1.5771999932,0.0,,True,True,False,False,True,False,False,False,False,False,2,Medium Risk,Moderate,10+ clicks but no approved conversions,OK,Normal,-0.17369116475050733,clicks without approved conversions
748294,936,111016,45-49,F,27,82827,24,47.93000031,3,0,0.0289760585316382,1.99708334625,0.0,,True,True,False,False,True,False,True,True,False,False,4,High Risk,Moderate,"high CPC, 10+ clicks but no approved conversions",OK,Normal,-0.11822053612335587,very high CPC; clicks without approved conversions
748295,936,111016,45-49,F,27,9240,3,6.039999962,1,0,0.0324675324675324,2.0133333206666664,0.0,,True,True,False,False,False,False,False,False,False,False,0,Low Risk,Weak,No major waste signal detected,OK,Normal,-0.15535154684894098,very high CPC
748303,936,111018,45-49,F,29,7706,2,2.369999886,1,0,0.0259538022320269,1.184999943,0.0,,True,True,False,False,False,False,False,False,False,False,0,Low Risk,Weak,No major waste signal detected,OK,Normal,-0.19265430887576757,unusual combination of marketing metrics
748314,936,111020,45-49,F,31,7821,4,6.340000153,1,1,0.0511443549418233,1.58500003825,25.0,6.340000153,True,True,True,False,False,False,False,False,False,False,0,Low Risk,Weak,No major waste signal detected,OK,Normal,-0.09146370307603396,unusual combination of marketing metrics
748341,936,111024,45-49,F,64,1363,0,0.0,1,1,0.0,,,0.0,False,False,True,False,False,False,False,False,False,False,0,Low Risk,Insufficient Data,No major waste signal detected,Review: conversions without clicks,Normal,-0.16018944485373837,unusual combination of marketing metrics
776318,936,115484,45-49,F,15,3569,0,0.0,1,1,0.0,,,0.0,False,False,True,False,False,False,False,False,False,False,0,Low Risk,Insufficient Data,No major waste signal detected,Review: conversions without clicks,Normal,-0.14107533652079762,unusual combination of marketing metrics
776322,936,115485,45-49,F,16,119063,34,53.21999949,1,0,0.0285563105246802,1.5652941026470588,0.0,,True,True,False,False,True,False,False,False,False,False,2,Medium Risk,Moderate,10+ clicks but no approved conversions,OK,Normal,-0.16427080148475465,clicks without approved conversions
776323,936,115485,45-49,F,16,99078,23,35.79999948,2,0,0.0232140333878358,1.556521716521739,0.0,,True,True,False,False,True,False,False,False,False,False,2,Medium Risk,Moderate,10+ clicks but no approved conversions,OK,Normal,-0.19065535223408175,clicks without approved conversions
776325,936,115485,45-49,F,16,452398,114,180.2200012,1,0,0.0251990503936799,1.580877203508772,0.0,,True,True,False,False,True,False,False,False,False,False,2,Medium Risk,Strong,10+ clicks but no approved conversions,OK,Normal,-0.09184463769443574,unusually high spend; clicks without approved conversions
776334,936,115487,45-49,F,10,191223,48,76.41000056,1,0,0.0251015829685759,1.591875011666667,0.0,,True,True,False,False,True,False,False,False,False,False,2,Medium Risk,Moderate,10+ clicks but no approved conversions,OK,Normal,-0.1564710645091451,clicks without approved conversions
776336,936,115487,45-49,F,10,22216,6,9.549999952,1,0,0.0270075621173928,1.5916666586666668,0.0,,True,True,False,False,False,False,False,False,False,False,0,Low Risk,Weak,No major waste signal detected,OK,Normal,-0.19265180505326368,unusual combination of marketing metrics
776338,936,115487,45-49,F,10,48291,11,18.01999998,1,0,0.0227785715764842,1.6381818163636366,0.0,,True,True,False,False,True,False,False,False,False,False,2,Medium Risk,Moderate,10+ clicks but no approved conversions,OK,Normal,-0.1963118252098947,clicks without approved conversions
776353,936,115490,40-44,F,63,27559,8,13.37,1,0,0.0290286294858304,1.67125,0.0,,True,True,False,False,False,False,False,False,False,False,0,Low Risk,Weak,No major waste signal detected,OK,Normal,-0.18242812736071679,unusual combination of marketing metrics
776373,936,115493,45-49,F,25,10194,4,4.590000033,2,1,0.0392387679026878,1.14750000825,25.0,4.590000033,True,True,True,False,False,False,False,False,False,False,0,Low Risk,Weak,No major waste signal detected,OK,Normal,-0.10172464761492245,unusual combination of marketing metrics
776383,936,115495,45-49,F,23,1168,0,0.0,1,1,0.0,,,0.0,False,False,True,False,False,False,False,False,False,False,0,Low Risk,Insufficient Data,No major waste signal detected,Review: conversions without clicks,Normal,-0.15888898194658435,unusual combination of marketing metrics
776405,936,115498,45-49,F,21,40126,16,25.86000001,1,0,0.0398743956536908,1.616250000625,0.0,,True,True,False,False,True,False,False,False,False,False,2,Medium Risk,Moderate,10+ clicks but no approved conversions,OK,Normal,-0.14925492409103835,clicks without approved conversions
776416,936,115500,45-49,F,19,3659,1,0.49000001,1,1,0.0273298715496037,0.49000001,100.0,0.49000001,True,True,True,False,False,False,False,False,False,False,0,Low Risk,Weak,No major waste signal detected,OK,Normal,-0.03470449044234558,unusual combination of marketing metrics
776430,936,115503,30-34,M,10,3200,0,0.0,1,0,0.0,,,,False,False,False,False,False,False,False,False,False,False,0,Low Risk,Insufficient Data,No major waste signal detected,OK,Normal,-0.1689427273600021,unusual combination of marketing metrics
776464,936,115508,45-49,F,29,7550,1,1.679999948,1,1,0.0132450331125827,1.679999948,100.0,1.679999948,True,True,True,False,False,False,False,False,False,False,0,Low Risk,Weak,No major waste signal detected,OK,Normal,-0.10493456823219377,unusual combination of marketing metrics
776469,936,115509,45-49,F,28,45397,15,25.41999936,1,1,0.0330418309579928,1.694666624,6.666666666666667,25.41999936,True,True,True,False,False,False,True,False,False,False,1,Low Risk,Moderate,high CPC,OK,Normal,-0.14153214683412202,unusual combination of marketing metrics
776473,936,115510,30-34,M,16,23086,2,3.310000062,1,1,0.0086632591180802,1.655000031,50.0,3.310000062,True,True,True,False,False,False,False,False,False,False,0,Low Risk,Weak,No major waste signal detected,OK,Normal,-0.1354276345646977,unusual combination of marketing metrics
776475,936,115510,30-34,M,16,16425,1,1.549999952,1,0,0.0060882800608828,1.549999952,0.0,,True,True,False,False,False,False,False,False,False,False,0,Low Risk,Weak,No major waste signal detected,OK,Normal,-0.19075200658237956,unusual combination of marketing metrics
776476,936,115510,30-34,M,16,43756,5,5.439999938,0,0,0.0114270042965536,1.0879999876,0.0,,True,True,False,False,False,False,False,False,False,False,0,Low Risk,Weak,No major waste signal detected,OK,Normal,-0.15795297488207627,unusual combination of marketing metrics
776477,936,115510,30-34,M,16,9982,0,0.0,1,0,0.0,,,,False,False,False,False,False,False,False,False,False,False,0,Low Risk,Insufficient Data,No major waste signal detected,OK,Normal,-0.1257454680652329,unusual combination of marketing metrics
776489,936,115512,45-49,F,26,175389,55,81.60999787,1,0,0.0313588651511782,1.4838181430909092,0.0,,True,True,False,False,True,False,False,False,False,False,2,Medium Risk,Strong,10+ clicks but no approved conversions,OK,Normal,-0.13331749224602274,clicks without approved conversions
776494,936,115513,30-34,M,15,7015,0,0.0,1,0,0.0,,,,False,False,False,False,False,False,False,False,False,False,0,Low Risk,Insufficient Data,No major waste signal detected,OK,Normal,-0.14663285754811178,unusual combination of marketing metrics
776515,936,115517,45-49,F,65,12706,3,4.98999989,1,1,0.0236108924917361,1.6633332966666667,33.33333333333333,4.98999989,True,True,True,False,False,False,False,False,False,False,0,Low Risk,Weak,No major waste signal detected,OK,Normal,-0.15141156747479612,unusual combination of marketing metrics
776519,936,115517,45-49,F,65,70702,20,31.7099998,1,0,0.0282877429209923,1.58549999,0.0,,True,True,False,False,True,False,False,False,False,False,2,Medium Risk,Moderate,10+ clicks but no approved conversions,OK,Normal,-0.17896951554905294,clicks without approved conversions
776533,936,115520,45-49,F,63,63927,16,25.52000046,2,0,0.0250285481877766,1.59500002875,0.0,,True,True,False,False,True,False,False,False,False,False,2,Medium Risk,Moderate,10+ clicks but no approved conversions,OK,Normal,-0.18848443434667,clicks without approved conversions
776534,936,115520,45-49,F,63,15105,3,4.25999999,1,0,0.0198609731876861,1.4199999966666663,0.0,,True,True,False,False,False,False,False,False,False,False,0,Low Risk,Weak,No major waste signal detected,OK,Normal,-0.20965338329218558,unusual combination of marketing metrics
776538,936,115521,30-34,F,15,8774,1,1.830000043,1,0,0.0113973102347845,1.830000043,0.0,,True,True,False,False,False,False,False,False,False,False,0,Low Risk,Weak,No major waste signal detected,OK,Normal,-0.1828869208662074,very high CPC
776551,936,115523,30-34,F,16,14459,1,1.389999986,1,0,0.0069161076146344,1.389999986,0.0,,True,True,False,False,False,False,False,False,False,False,0,Low Risk,Weak,No major waste signal detected,OK,Normal,-0.19765314416517388,unusual combination of marketing metrics
776552,936,115523,30-34,F,16,21596,2,2.809999943,1,0,0.0092609742544915,1.4049999715,0.0,,True,True,False,False,False,False,False,False,False,False,0,Low Risk,Weak,No major waste signal detected,OK,Normal,-0.19720908748789817,unusual combination of marketing metrics
776553,936,115523,30-34,F,16,66765,8,11.04999971,1,0,0.0119823260690481,1.38124996375,0.0,,True,True,False,False,False,False,False,False,False,False,0,Low Risk,Weak,No major waste signal detected,OK,Normal,-0.19120875711205415,unusual combination of marketing metrics
776563,936,115525,30-34,F,7,1369,0,0.0,1,1,0.0,,,0.0,False,False,True,False,False,False,False,False,False,False,0,Low Risk,Insufficient Data,No major waste signal detected,Review: conversions without clicks,Normal,-0.16032496194020884,unusual combination of marketing metrics
776579,936,115527,30-34,F,10,26910,5,7.229999781,1,0,0.018580453363062,1.4459999562,0.0,,True,True,False,False,False,False,False,False,False,False,0,Low Risk,Weak,No major waste signal detected,OK,Normal,-0.20646228016346646,unusual combination of marketing metrics
776603,936,115531,30-34,F,2,506,0,0.0,1,0,0.0,,,,False,False,False,False,False,False,False,False,False,False,0,Low Risk,Insufficient Data,No major waste signal detected,OK,Normal,-0.17747619605343334,unusual combination of marketing metrics
776615,936,115533,45-49,M,63,11988,3,4.269999862,1,0,0.025025025025025,1.4233332873333333,0.0,,True,True,False,False,False,False,False,False,False,False,0,Low Risk,Weak,No major waste signal detected,OK,Normal,-0.20735453643214247,unusual combination of marketing metrics
776623,936,115535,45-49,M,64,19353,6,9.4799999,1,1,0.0310029452798015,1.5799999833333331,16.666666666666664,9.4799999,True,True,True,False,False,False,False,False,False,False,0,Low Risk,Weak,No major waste signal detected,OK,Normal,-0.15430676172828034,unusual combination of marketing metrics
776631,936,115536,40-44,M,29,10960,2,2.890000105,1,0,0.0182481751824817,1.4450000525,0.0,,True,True,False,False,False,False,False,False,False,False,0,Low Risk,Weak,No major waste signal detected,OK,Normal,-0.20926644344611628,unusual combination of marketing metrics
776643,936,115538,30-34,M,15,33491,6,10.56999969,2,1,0.0179152608163387,1.761666615,16.666666666666664,10.56999969,True,True,True,False,False,False,False,False,False,False,0,Low Risk,Weak,No major waste signal detected,OK,Normal,-0.1565082627330256,unusual combination of marketing metrics
776644,936,115538,30-34,M,15,20083,2,3.200000048,2,1,0.0099586715132201,1.600000024,50.0,3.200000048,True,True,True,False,False,False,False,False,False,False,0,Low Risk,Weak,No major waste signal detected,OK,Normal,-0.1274020746662482,unusual combination of marketing metrics
776659,936,115541,30-34,M,16,8817,0,0.0,1,1,0.0,,,0.0,False,False,True,False,False,False,False,False,False,False,0,Low Risk,Insufficient Data,No major waste signal detected,Review: conversions without clicks,Normal,-0.11514042780469214,unusual combination of marketing metrics
776661,936,115541,30-34,M,16,15466,1,0.970000029,1,0,0.0064657959394801,0.970000029,0.0,,True,True,False,False,False,False,False,False,False,False,0,Low Risk,Weak,No major waste signal detected,OK,Normal,-0.16733000436211581,unusual combination of marketing metrics
776662,936,115541,30-34,M,16,27072,3,4.370000005,1,0,0.0110815602836879,1.4566666683333331,0.0,,True,True,False,False,False,False,False,False,False,False,0,Low Risk,Weak,No major waste signal detected,OK,Normal,-0.20206546477321696,unusual combination of marketing metrics
776663,936,115541,30-34,M,16,15753,1,0.569999993,1,1,0.0063479972068812,0.569999993,100.0,0.569999993,True,True,True,False,False,False,False,False,False,False,0,Low Risk,Weak,No major waste signal detected,OK,Normal,-0.03730916557745867,unusual combination of marketing metrics
776668,936,115542,40-44,M,19,3523,1,1.809999943,1,1,0.0283848992336077,1.809999943,100.0,1.809999943,True,True,True,False,False,False,False,False,False,False,0,Low Risk,Weak,No major waste signal detected,OK,Normal,-0.07639497054533345,very high CPC
776685,936,115545,40-44,M,16,7745,0,0.0,1,0,0.0,,,,False,False,False,False,False,False,False,False,False,False,0,Low Risk,Insufficient Data,No major waste signal detected,OK,Normal,-0.14081094061388255,unusual combination of marketing metrics
776686,936,115545,40-44,M,16,18709,2,3.319999933,1,0,0.0106900422256667,1.6599999665,0.0,,True,True,False,False,False,False,False,False,False,False,0,Low Risk,Weak,No major waste signal detected,OK,Normal,-0.1965140326218609,unusual combination of marketing metrics
776687,936,115545,40-44,M,16,8022,0,0.0,2,1,0.0,,,0.0,False,False,True,False,False,False,False,False,False,False,0,Low Risk,Insufficient Data,No major waste signal detected,Review: conversions without clicks,Normal,-0.08631985177986479,unusual combination of marketing metrics
776696,936,115547,30-34,M,10,7966,1,1.179999948,1,1,0.0125533517449158,1.179999948,100.0,1.179999948,True,True,True,False,False,False,False,False,False,False,0,Low Risk,Weak,No major waste signal detected,OK,Normal,-0.09993805716859139,unusual combination of marketing metrics
776697,936,115547,30-34,M,10,4132,0,0.0,1,1,0.0,,,0.0,False,False,True,False,False,False,False,False,False,False,0,Low Risk,Insufficient Data,No major waste signal detected,Review: conversions without clicks,Normal,-0.1356518885988493,unusual combination of marketing metrics
776698,936,115547,30-34,M,10,12785,3,4.730000019,2,1,0.0234649980445834,1.576666673,33.33333333333333,4.730000019,True,True,True,False,False,False,False,False,False,False,0,Low Risk,Weak,No major waste signal detected,OK,Normal,-0.14374512010001272,unusual combination of marketing metrics
776699,936,115547,30-34,M,10,8213,1,1.379999995,1,1,0.0121758188238159,1.379999995,100.0,1.379999995,True,True,True,False,False,False,False,False,False,False,0,Low Risk,Weak,No major waste signal detected,OK,Normal,-0.11345702459632878,unusual combination of marketing metrics
776722,936,115551,30-34,M,2,545,0,0.0,1,1,0.0,,,0.0,False,False,True,False,False,False,False,False,False,False,0,Low Risk,Insufficient Data,No major waste signal detected,Review: conversions without clicks,Normal,-0.15701994410619208,unusual combination of marketing metrics
776725,936,115552,40-44,M,23,2479,1,1.25999999,1,0,0.0403388463089955,1.25999999,0.0,,True,True,False,False,False,False,False,False,False,False,0,Low Risk,Weak,No major waste signal detected,OK,Normal,-0.16913308607121336,unusual combination of marketing metrics
776780,936,115561,40-44,M,2,3812,2,3.049999952,1,0,0.0524658971668415,1.524999976,0.0,,True,True,False,False,False,False,False,False,False,False,0,Low Risk,Weak,No major waste signal detected,OK,Normal,-0.134888940067465,unusual combination of marketing metrics
776793,936,115563,45-49,M,21,1609,0,0.0,1,0,0.0,,,,False,False,False,False,False,False,False,False,False,False,0,Low Risk,Insufficient Data,No major waste signal detected,OK,Normal,-0.17729348880981133,unusual combination of marketing metrics
776799,936,115564,45-49,M,20,10257,3,3.579999924,1,1,0.0292483182217022,1.193333308,33.33333333333333,3.579999924,True,True,True,False,False,False,False,False,False,False,0,Low Risk,Weak,No major waste signal detected,OK,Normal,-0.136514659971406,unusual combination of marketing metrics
776817,936,115567,40-44,M,10,12356,4,6.279999971,1,0,0.0323729362253156,1.56999999275,0.0,,True,True,False,False,False,False,False,False,False,False,0,Low Risk,Weak,No major waste signal detected,OK,Normal,-0.18860439429187364,unusual combination of marketing metrics
776825,936,115568,45-49,M,18,7410,1,1.210000038,1,0,0.0134952766531713,1.210000038,0.0,,True,True,False,False,False,False,False,False,False,False,0,Low Risk,Weak,No major waste signal detected,OK,Normal,-0.1949431810501343,unusual combination of marketing metrics
776829,936,115569,45-49,M,16,140098,28,46.63000011,1,0,0.0199860097931448,1.6653571467857142,0.0,,True,True,False,False,True,False,True,False,False,False,3,Medium Risk,Moderate,"high CPC, 10+ clicks but no approved conversions",OK,Normal,-0.1836554543645097,clicks without approved conversions
776831,936,115569,45-49,M,16,107021,20,34.44000012,1,0,0.0186879210622214,1.722000006,0.0,,True,True,False,False,True,False,True,False,False,False,3,Medium Risk,Moderate,"high CPC, 10+ clicks but no approved conversions",OK,Normal,-0.19058123324298826,clicks without approved conversions
776840,936,115571,35-39,M,36,2797,1,1.289999962,1,0,0.0357525920629245,1.289999962,0.0,,True,True,False,False,False,False,False,False,False,False,0,Low Risk,Weak,No major waste signal detected,OK,Normal,-0.18347607998325283,unusual combination of marketing metrics
776861,936,115574,45-49,M,7,16461,6,9.21999979,1,0,0.0364497904137051,1.5366666316666666,0.0,,True,True,False,False,False,False,False,False,False,False,0,Low Risk,Weak,No major waste signal detected,OK,Normal,-0.1749958426880861,unusual combination of marketing metrics
776892,936,115580,40-44,M,63,17488,5,7.719999909,1,0,0.028591033851784,1.5439999818,0.0,,True,True,False,False,False,False,False,False,False,False,0,Low Risk,Weak,No major waste signal detected,OK,Normal,-0.19322814081005552,unusual combination of marketing metrics
776928,936,115586,35-39,M,10,9750,2,1.5,1,1,0.0205128205128205,0.75,50.0,1.5,True,True,True,False,False,False,False,False,False,False,0,Low Risk,Weak,No major waste signal detected,OK,Normal,-0.09108911620650806,unusual combination of marketing metrics
776935,936,115587,45-49,M,36,1136,0,0.0,1,1,0.0,,,0.0,False,False,True,False,False,False,False,False,False,False,0,Low Risk,Insufficient Data,No major waste signal detected,Review: conversions without clicks,Normal,-0.15805694131580905,unusual combination of marketing metrics
777105,936,115615,45-49,M,63,4333,1,0.180000007,1,1,0.0230786983614124,0.180000007,100.0,0.180000007,True,True,True,False,False,False,False,False,False,False,0,Low Risk,Weak,No major waste signal detected,OK,Normal,-0.030868375168083828,unusual combination of marketing metrics
777130,936,115619,35-39,M,16,6260,0,0.0,1,0,0.0,,,,False,False,False,False,False,False,False,False,False,False,0,Low Risk,Insufficient Data,No major waste signal detected,OK,Normal,-0.15025722765326444,unusual combination of marketing metrics
777131,936,115619,35-39,M,16,6359,0,0.0,1,0,0.0,,,,False,False,False,False,False,False,False,False,False,False,0,Low Risk,Insufficient Data,No major waste signal detected,OK,Normal,-0.1503961041725843,unusual combination of marketing metrics
777166,936,115625,30-34,M,63,2383,0,0.0,1,1,0.0,,,0.0,False,False,True,False,False,False,False,False,False,False,0,Low Risk,Insufficient Data,No major waste signal detected,Review: conversions without clicks,Normal,-0.1513177651551707,unusual combination of marketing metrics
777187,936,115629,40-44,M,27,11292,3,5.389999866,1,1,0.026567481402763,1.796666622,33.33333333333333,5.389999866,True,True,True,False,False,False,False,False,False,False,0,Low Risk,Weak,No major waste signal detected,OK,Normal,-0.13208219784269531,very high CPC
777198,936,115631,30-34,M,64,12729,4,5.779999852,1,0,0.0314243067012334,1.444999963,0.0,,True,True,False,False,False,False,False,False,False,False,0,Low Risk,Weak,No major waste signal detected,OK,Normal,-0.19920513888058966,unusual combination of marketing metrics
777200,936,115631,30-34,M,64,1898,0,0.0,1,1,0.0,,,0.0,False,False,True,False,False,False,False,False,False,False,0,Low Risk,Insufficient Data,No major waste signal detected,Review: conversions without clicks,Normal,-0.1553866051156506,unusual combination of marketing metrics
777201,936,115631,30-34,M,64,1882,0,0.0,1,1,0.0,,,0.0,False,False,True,False,False,False,False,False,False,False,0,Low Risk,Insufficient Data,No major waste signal detected,Review: conversions without clicks,Normal,-0.1553866051156506,unusual combination of marketing metrics
777235,936,115637,30-34,M,65,2883,1,0.99000001,1,1,0.0346860908775581,0.99000001,100.0,0.99000001,True,True,True,False,False,False,False,False,False,False,0,Low Risk,Weak,No major waste signal detected,OK,Normal,-0.06506631213128161,unusual combination of marketing metrics
777248,936,115639,30-34,F,7,3989,1,1.279999971,1,0,0.0250689395838556,1.279999971,0.0,,True,True,False,False,False,False,False,False,False,False,0,Low Risk,Weak,No major waste signal detected,OK,Normal,-0.19881705981695036,unusual combination of marketing metrics
777261,936,115641,40-44,M,29,19603,4,5.279999971,1,1,0.020405040044891,1.31999999275,25.0,5.279999971,True,True,True,False,False,False,False,False,False,False,0,Low Risk,Weak,No major waste signal detected,OK,Normal,-0.16412752240712897,unusual combination of marketing metrics
777382,936,115675,40-44,M,24,3047,1,1.379999995,1,0,0.0328191663931736,1.379999995,0.0,,True,True,False,False,False,False,False,False,False,False,0,Low Risk,Weak,No major waste signal detected,OK,Normal,-0.19564412529617592,unusual combination of marketing metrics
777398,936,115677,35-39,M,24,3029,1,1.049999952,1,1,0.0330141961043248,1.049999952,100.0,1.049999952,True,True,True,False,False,False,False,False,False,False,0,Low Risk,Weak,No major waste signal detected,OK,Normal,-0.07391831890030581,unusual combination of marketing metrics
777410,936,115679,45-49,M,26,3490,1,1.340000033,1,1,0.0286532951289398,1.340000033,100.0,1.340000033,True,True,True,False,False,False,False,False,False,False,0,Low Risk,Weak,No major waste signal detected,OK,Normal,-0.10371329588311334,unusual combination of marketing metrics
777482,936,115691,45-49,M,28,2479,0,0.0,1,0,0.0,,,,False,False,False,False,False,False,False,False,False,False,0,Low Risk,Insufficient Data,No major waste signal detected,OK,Normal,-0.1745614647712102,unusual combination of marketing metrics
777495,936,115693,40-44,M,19,19581,7,10.42999983,2,0,0.0357489402992697,1.4899999757142857,0.0,,True,True,False,False,False,False,False,False,False,False,0,Low Risk,Weak,No major waste signal detected,OK,Normal,-0.16294118767391946,unusual combination of marketing metrics
777519,936,115697,45-49,M,29,19537,5,6.099999905,1,0,0.0255924655781337,1.219999981,0.0,,True,True,False,False,False,False,False,False,False,False,0,Low Risk,Weak,No major waste signal detected,OK,Normal,-0.19065782173398826,unusual combination of marketing metrics
777625,936,115715,45-49,M,16,59433,12,19.65999949,3,0,0.0201908030891928,1.6383332908333337,0.0,,True,True,False,False,True,False,False,False,False,False,2,Medium Risk,Moderate,10+ clicks but no approved conversions,OK,Normal,-0.1752709383852184,clicks without approved conversions
777627,936,115715,45-49,M,16,157534,33,56.19000077,2,0,0.0209478588749095,1.702727296060606,0.0,,True,True,False,False,True,False,True,False,False,False,3,Medium Risk,Moderate,"high CPC, 10+ clicks but no approved conversions",OK,Normal,-0.1744550478549835,clicks without approved conversions
777638,936,115717,40-44,M,7,1781,0,0.0,1,1,0.0,,,0.0,False,False,True,False,False,False,False,False,False,False,0,Low Risk,Insufficient Data,No major waste signal detected,Review: conversions without clicks,Normal,-0.15666121948965417,unusual combination of marketing metrics
777670,936,115723,40-44,M,16,23769,4,6.029999852,1,0,0.0168286423492784,1.507499963,0.0,,True,True,False,False,False,False,False,False,False,False,0,Low Risk,Weak,No major waste signal detected,OK,Normal,-0.20621766039040018,unusual combination of marketing metrics
777673,936,115723,40-44,M,16,7101,0,0.0,1,0,0.0,,,,False,False,False,False,False,False,False,False,False,False,0,Low Risk,Insufficient Data,No major waste signal detected,OK,Normal,-0.14593163411387733,unusual combination of marketing metrics
777742,936,115735,35-39,M,64,4726,1,1.830000043,1,1,0.0211595429538721,1.830000043,100.0,1.830000043,True,True,True,False,False,False,False,False,False,False,0,Low Risk,Weak,No major waste signal detected,OK,Normal,-0.08265287311087477,very high CPC
777758,936,115737,30-34,M,19,5209,1,0.959999979,2,0,0.0191975427145325,0.959999979,0.0,,True,True,False,False,False,False,False,False,False,False,0,Low Risk,Weak,No major waste signal detected,OK,Normal,-0.16956230502532066,unusual combination of marketing metrics
777794,936,115743,30-34,M,18,13473,3,2.619999945,3,0,0.0222667557336896,0.873333315,0.0,,True,True,False,False,False,False,False,False,False,False,0,Low Risk,Weak,No major waste signal detected,OK,Normal,-0.13589053942975543,unusual combination of marketing metrics
777816,936,115747,40-44,M,2,500,0,0.0,1,1,0.0,,,0.0,False,False,True,False,False,False,False,False,False,False,0,Low Risk,Insufficient Data,No major waste signal detected,Review: conversions without clicks,Normal,-0.15701187731047506,unusual combination of marketing metrics
777871,936,115756,30-34,M,20,4616,1,1.360000014,1,0,0.0216637781629116,1.360000014,0.0,,True,True,False,False,False,False,False,False,False,False,0,Low Risk,Weak,No major waste signal detected,OK,Normal,-0.20606492100650653,unusual combination of marketing metrics
777904,936,115762,30-34,M,31,3279,0,0.0,1,0,0.0,,,,False,False,False,False,False,False,False,False,False,False,0,Low Risk,Insufficient Data,No major waste signal detected,OK,Normal,-0.16831584764347213,unusual combination of marketing metrics
777905,936,115762,30-34,M,31,3288,0,0.0,1,0,0.0,,,,False,False,False,False,False,False,False,False,False,False,0,Low Risk,Insufficient Data,No major waste signal detected,OK,Normal,-0.16831584764347213,unusual combination of marketing metrics
778037,936,115784,35-39,M,27,14615,4,6.050000191,1,0,0.0273691412931919,1.51250004775,0.0,,True,True,False,False,False,False,False,False,False,False,0,Low Risk,Weak,No major waste signal detected,OK,Normal,-0.2005095437196922,unusual combination of marketing metrics
778048,936,115786,30-34,M,27,56615,12,19.88000035,2,0,0.0211957961670935,1.6566666958333334,0.0,,True,True,False,False,True,False,True,False,False,False,3,Medium Risk,Moderate,"high CPC, 10+ clicks but no approved conversions",OK,Normal,-0.189378225535956,clicks without approved conversions
778085,936,115792,30-34,M,26,11735,3,4.529999971,1,1,0.0255645504899872,1.5099999903333332,33.33333333333333,4.529999971,True,True,True,False,False,False,False,False,False,False,0,Low Risk,Weak,No major waste signal detected,OK,Normal,-0.15180744047033062,unusual combination of marketing metrics
778087,936,115792,30-34,M,26,15910,5,6.779999852,1,0,0.0314267756128221,1.3559999704,0.0,,True,True,False,False,False,False,False,False,False,False,0,Low Risk,Weak,No major waste signal detected,OK,Normal,-0.19640159284496334,unusual combination of marketing metrics
778112,936,115796,35-39,M,29,11446,2,3.090000033,1,1,0.0174733531364668,1.5450000165,50.0,3.090000033,True,True,True,False,False,False,False,False,False,False,0,Low Risk,Weak,No major waste signal detected,OK,Normal,-0.14962517931486313,unusual combination of marketing metrics
778113,936,115796,35-39,M,29,4595,0,0.0,1,0,0.0,,,,False,False,False,False,False,False,False,False,False,False,0,Low Risk,Insufficient Data,No major waste signal detected,OK,Normal,-0.15781581883406254,unusual combination of marketing metrics
778124,936,115798,30-34,M,29,4871,0,0.0,1,0,0.0,,,,False,False,False,False,False,False,False,False,False,False,0,Low Risk,Insufficient Data,No major waste signal detected,OK,Normal,-0.15656049194288596,unusual combination of marketing metrics
778148,936,115802,35-39,M,28,3199,0,0.0,1,0,0.0,,,,False,False,False,False,False,False,False,False,False,False,0,Low Risk,Insufficient Data,No major waste signal detected,OK,Normal,-0.1689427273600021,unusual combination of marketing metrics
778156,936,115804,30-34,M,28,9388,2,3.140000105,1,0,0.0213037920749893,1.5700000525,0.0,,True,True,False,False,False,False,False,False,False,False,0,Low Risk,Weak,No major waste signal detected,OK,Normal,-0.20469043979672424,unusual combination of marketing metrics
778161,936,115804,30-34,M,28,17954,6,7.5400002,2,1,0.03341873677175,1.2566667,16.666666666666664,7.5400002,True,True,True,False,False,False,False,False,False,False,0,Low Risk,Weak,No major waste signal detected,OK,Normal,-0.14064662937226108,unusual combination of marketing metrics
778208,936,115812,40-44,F,29,2755,0,0.0,1,0,0.0,,,,False,False,False,False,False,False,False,False,False,False,0,Low Risk,Insufficient Data,No major waste signal detected,OK,Normal,-0.17281899965474373,unusual combination of marketing metrics
778264,936,115822,40-44,F,27,8152,1,0.99000001,1,0,0.0122669283611383,0.99000001,0.0,,True,True,False,False,False,False,False,False,False,False,0,Low Risk,Weak,No major waste signal detected,OK,Normal,-0.17882297188453333,unusual combination of marketing metrics
778266,936,115822,40-44,F,27,74542,19,34.1500001,1,0,0.0254889860749644,1.7973684263157894,0.0,,True,True,False,False,True,False,True,True,False,False,4,High Risk,Moderate,"high CPC, 10+ clicks but no approved conversions",OK,Normal,-0.17024767129546886,very high CPC; clicks without approved conversions
778421,936,115848,40-44,F,20,6699,2,3.090000033,1,0,0.0298552022689953,1.5450000165,0.0,,True,True,False,False,False,False,False,False,False,False,0,Low Risk,Weak,No major waste signal detected,OK,Normal,-0.19625558653149183,unusual combination of marketing metrics
778422,936,115848,40-44,F,20,11911,4,3.959999919,1,0,0.0335824028209218,0.98999997975,0.0,,True,True,False,False,False,False,False,False,False,False,0,Low Risk,Weak,No major waste signal detected,OK,Normal,-0.16928505272100314,unusual combination of marketing metrics
778461,936,115854,40-44,M,29,10090,2,2.650000095,1,1,0.0198216055500495,1.3250000475,50.0,2.650000095,True,True,True,False,False,False,False,False,False,False,0,Low Risk,Weak,No major waste signal detected,OK,Normal,-0.14964729365317309,unusual combination of marketing metrics
778471,936,115856,30-34,M,32,1273,0,0.0,1,1,0.0,,,0.0,False,False,True,False,False,False,False,False,False,False,0,Low Risk,Insufficient Data,No major waste signal detected,Review: conversions without clicks,Normal,-0.1604009379393591,unusual combination of marketing metrics
778483,936,115858,40-44,F,18,24188,5,8.179999828,1,0,0.0206714073094096,1.6359999656,0.0,,True,True,False,False,False,False,False,False,False,False,0,Low Risk,Weak,No major waste signal detected,OK,Normal,-0.20026828249567624,unusual combination of marketing metrics
778529,936,115866,30-34,M,31,2214,0,0.0,1,0,0.0,,,,False,False,False,False,False,False,False,False,False,False,0,Low Risk,Insufficient Data,No major waste signal detected,OK,Normal,-0.17527058121104977,unusual combination of marketing metrics
778556,936,115870,40-44,M,32,9735,4,4.130000114,1,1,0.0410888546481766,1.0325000285,25.0,4.130000114,True,True,True,False,False,False,False,False,False,False,0,Low Risk,Weak,No major waste signal detected,OK,Normal,-0.10713951627685864,unusual combination of marketing metrics
778590,936,115876,30-34,M,30,1371,0,0.0,1,1,0.0,,,0.0,False,False,True,False,False,False,False,False,False,False,0,Low Risk,Insufficient Data,No major waste signal detected,Review: conversions without clicks,Normal,-0.16032496194020884,unusual combination of marketing metrics
778600,936,115878,40-44,F,22,10750,4,5.389999866,1,0,0.0372093023255813,1.3474999665,0.0,,True,True,False,False,False,False,False,False,False,False,0,Low Risk,Weak,No major waste signal detected,OK,Normal,-0.18181342332541084,unusual combination of marketing metrics
778626,936,115882,30-34,M,29,7629,1,0.720000029,1,1,0.0131078778345785,0.720000029,100.0,0.720000029,True,True,True,False,False,False,False,False,False,False,0,Low Risk,Weak,No major waste signal detected,OK,Normal,-0.05920316087089417,unusual combination of marketing metrics
778628,936,115882,30-34,M,29,4608,0,0.0,1,0,0.0,,,,False,False,False,False,False,False,False,False,False,False,0,Low Risk,Insufficient Data,No major waste signal detected,OK,Normal,-0.15781581883406254,unusual combination of marketing metrics
778674,936,115890,35-39,M,29,3732,0,0.0,1,0,0.0,,,,False,False,False,False,False,False,False,False,False,False,0,Low Risk,Insufficient Data,No major waste signal detected,OK,Normal,-0.1639724487690985,unusual combination of marketing metrics
778689,936,115892,30-34,M,28,7453,1,1.679999948,1,1,0.0134174158057158,1.679999948,100.0,1.679999948,True,True,True,False,False,False,False,False,False,False,0,Low Risk,Weak,No major waste signal detected,OK,Normal,-0.10478030978468039,unusual combination of marketing metrics
778722,936,115898,35-39,F,64,41785,14,19.10000038,1,0,0.0335048462366878,1.3642857414285714,0.0,,True,True,False,False,True,False,False,False,False,False,2,Medium Risk,Moderate,10+ clicks but no approved conversions,OK,Normal,-0.18289293369445786,clicks without approved conversions
778737,936,115900,35-39,M,27,8077,2,3.579999924,1,1,0.0247616689364863,1.789999962,50.0,3.579999924,True,True,True,False,False,False,False,False,False,False,0,Low Risk,Weak,No major waste signal detected,OK,Normal,-0.12758584414799562,very high CPC
778756,936,115904,35-39,F,63,5602,1,1.580000043,1,0,0.017850767583006,1.580000043,0.0,,True,True,False,False,False,False,False,False,False,False,0,Low Risk,Weak,No major waste signal detected,OK,Normal,-0.20405473832482302,unusual combination of marketing metrics
778804,936,115912,30-34,M,26,6184,2,2.75,1,1,0.0323415265200517,1.375,50.0,2.75,True,True,True,False,False,False,False,False,False,False,0,Low Risk,Weak,No major waste signal detected,OK,Normal,-0.13270826978033384,unusual combination of marketing metrics
778808,936,115912,30-34,M,26,1738,0,0.0,1,0,0.0,,,,False,False,False,False,False,False,False,False,False,False,0,Low Risk,Insufficient Data,No major waste signal detected,OK,Normal,-0.17666090274470475,unusual combination of marketing metrics
778964,936,115938,35-39,F,27,112460,25,41.29000068,1,0,0.0222301262671172,1.6516000272,0.0,,True,True,False,False,True,False,True,False,False,False,3,Medium Risk,Moderate,"high CPC, 10+ clicks but no approved conversions",OK,Normal,-0.1898382324962482,clicks without approved conversions
779057,936,115954,40-44,M,15,4414,0,0.0,1,0,0.0,,,,False,False,False,False,False,False,False,False,False,False,0,Low Risk,Insufficient Data,No major waste signal detected,OK,Normal,-0.15771429270342785,unusual combination of marketing metrics
779106,936,115962,35-39,F,30,14670,7,9.410000324,1,0,0.0477164280845262,1.344285760571429,0.0,,True,True,False,False,False,False,False,False,False,False,0,Low Risk,Weak,No major waste signal detected,OK,Normal,-0.145101120589207,unusual combination of marketing metrics
779438,936,116031,30-34,F,64,33144,9,13.40999985,1,0,0.0271542360608254,1.4899999833333333,0.0,,True,True,False,False,False,False,False,False,False,False,0,Low Risk,Weak,No major waste signal detected,OK,Normal,-0.1955378191073252,unusual combination of marketing metrics
779453,936,116033,45-49,M,64,4397,1,0.949999988,1,0,0.0227427791676142,0.949999988,0.0,,True,True,False,False,False,False,False,False,False,False,0,Low Risk,Weak,No major waste signal detected,OK,Normal,-0.17660504274413397,unusual combination of marketing metrics
779488,936,116039,45-49,M,65,1006,0,0.0,1,0,0.0,,,,False,False,False,False,False,False,False,False,False,False,0,Low Risk,Insufficient Data,No major waste signal detected,OK,Normal,-0.17772905845617587,unusual combination of marketing metrics
779573,936,116053,35-39,F,10,89527,24,32.28999996,1,0,0.0268075552626581,1.345416665,0.0,,True,True,False,False,True,False,False,False,False,False,2,Medium Risk,Moderate,10+ clicks but no approved conversions,OK,Normal,-0.18213873699019428,clicks without approved conversions
779608,936,116059,35-39,F,15,2459,0,0.0,1,0,0.0,,,,False,False,False,False,False,False,False,False,False,False,0,Low Risk,Insufficient Data,No major waste signal detected,OK,Normal,-0.1745614647712102,unusual combination of marketing metrics
779609,936,116059,35-39,F,15,7116,2,1.730000019,1,1,0.028105677346824,0.8650000095,50.0,1.730000019,True,True,True,False,False,False,False,False,False,False,0,Low Risk,Weak,No major waste signal detected,OK,Normal,-0.09332684585795675,unusual combination of marketing metrics
779622,936,116061,30-34,F,15,8613,1,0.889999986,2,0,0.0116103564379426,0.889999986,0.0,,True,True,False,False,False,False,False,False,False,False,0,Low Risk,Weak,No major waste signal detected,OK,Normal,-0.1542673193380208,unusual combination of marketing metrics
779631,936,116063,35-39,F,16,9730,1,1.379999995,1,0,0.0102774922918807,1.379999995,0.0,,True,True,False,False,False,False,False,False,False,False,0,Low Risk,Weak,No major waste signal detected,OK,Normal,-0.20092077543485354,unusual combination of marketing metrics
779644,936,116065,30-34,F,16,51816,8,10.2299999,2,1,0.0154392465647676,1.2787499875,12.5,10.2299999,True,True,True,False,False,False,False,False,False,False,0,Low Risk,Weak,No major waste signal detected,OK,Normal,-0.16068716373627717,unusual combination of marketing metrics
779645,936,116065,30-34,F,16,27289,3,4.429999828,1,0,0.0109934405804536,1.4766666093333332,0.0,,True,True,False,False,False,False,False,False,False,False,0,Low Risk,Weak,No major waste signal detected,OK,Normal,-0.2016181303095581,unusual combination of marketing metrics
779715,936,116077,30-34,F,29,20409,4,3.829999924,1,0,0.0195991964329462,0.957499981,0.0,,True,True,False,False,False,False,False,False,False,False,0,Low Risk,Weak,No major waste signal detected,OK,Normal,-0.17636486543021318,unusual combination of marketing metrics
779716,936,116077,30-34,F,29,8044,1,1.110000014,1,0,0.0124316260566882,1.110000014,0.0,,True,True,False,False,False,False,False,False,False,False,0,Low Risk,Weak,No major waste signal detected,OK,Normal,-0.18618598449563228,unusual combination of marketing metrics
779738,936,116081,30-34,F,28,15645,4,5.349999905,1,0,0.0255672738894215,1.33749997625,0.0,,True,True,False,False,False,False,False,False,False,False,0,Low Risk,Weak,No major waste signal detected,OK,Normal,-0.2011360057590012,unusual combination of marketing metrics
779778,936,116087,30-34,F,31,2466,0,0.0,2,2,0.0,,,0.0,False,False,True,False,False,False,False,False,False,False,0,Low Risk,Insufficient Data,No major waste signal detected,Review: conversions without clicks,Normal,-0.06108894511973795,unusual combination of marketing metrics
779789,936,116089,45-49,M,10,11611,3,3.950000048,1,1,0.0258375678236155,1.3166666826666666,33.33333333333333,3.950000048,True,True,True,False,False,False,False,False,False,False,0,Low Risk,Weak,No major waste signal detected,OK,Normal,-0.15214040377760651,unusual combination of marketing metrics
779824,936,116095,45-49,M,7,9375,3,4.019999981,1,0,0.032,1.3399999936666669,0.0,,True,True,False,False,False,False,False,False,False,False,0,Low Risk,Weak,No major waste signal detected,OK,Normal,-0.19861688921747767,unusual combination of marketing metrics
779871,936,116103,30-34,F,32,4402,1,1.330000043,1,1,0.0227169468423443,1.330000043,100.0,1.330000043,True,True,True,False,False,False,False,False,False,False,0,Low Risk,Weak,No major waste signal detected,OK,Normal,-0.11232342596953843,unusual combination of marketing metrics
779918,936,116111,30-34,F,18,8469,2,3.089999914,1,0,0.0236155390246782,1.544999957,0.0,,True,True,False,False,False,False,False,False,False,False,0,Low Risk,Weak,No major waste signal detected,OK,Normal,-0.20547984210408182,unusual combination of marketing metrics
779922,936,116111,30-34,F,18,5823,1,1.419999957,1,1,0.0171732783788425,1.419999957,100.0,1.419999957,True,True,True,False,False,False,False,False,False,False,0,Low Risk,Weak,No major waste signal detected,OK,Normal,-0.11824760087616026,unusual combination of marketing metrics
779944,936,116115,35-39,M,10,2549,0,0.0,1,0,0.0,,,,False,False,False,False,False,False,False,False,False,False,0,Low Risk,Insufficient Data,No major waste signal detected,OK,Normal,-0.17438699338681207,unusual combination of marketing metrics
779979,936,116121,35-39,M,16,25817,4,6.019999981,1,0,0.0154936669636286,1.50499999525,0.0,,True,True,False,False,False,False,False,False,False,False,0,Low Risk,Weak,No major waste signal detected,OK,Normal,-0.20532720998166404,unusual combination of marketing metrics
779995,936,116123,30-34,F,20,1961,0,0.0,1,0,0.0,,,,False,False,False,False,False,False,False,False,False,False,0,Low Risk,Insufficient Data,No major waste signal detected,OK,Normal,-0.17620078344202317,unusual combination of marketing metrics
780064,936,116135,30-34,F,22,2554,0,0.0,1,0,0.0,,,,False,False,False,False,False,False,False,False,False,False,0,Low Risk,Insufficient Data,No major waste signal detected,OK,Normal,-0.17438699338681207,unusual combination of marketing metrics
780104,936,116147,30-34,F,25,4971,1,1.230000019,1,1,0.020116676725005,1.230000019,100.0,1.230000019,True,True,True,False,False,False,False,False,False,False,0,Low Risk,Weak,No major waste signal detected,OK,Normal,-0.10822428699881148,unusual combination of marketing metrics
780199,936,116163,35-39,F,23,1030,0,0.0,1,1,0.0,,,0.0,False,False,True,False,False,False,False,False,False,False,0,Low Risk,Insufficient Data,No major waste signal detected,Review: conversions without clicks,Normal,-0.15910835507688392,unusual combination of marketing metrics
780318,936,116183,45-49,F,29,162341,56,77.07999969,3,0,0.0344952907768216,1.376428565892857,0.0,,True,True,False,False,True,False,False,False,False,False,2,Medium Risk,Strong,10+ clicks but no approved conversions,OK,Normal,-0.11622951855888886,clicks without approved conversions
780323,936,116183,45-49,F,29,24542,7,9.329999924,1,0,0.0285225328009127,1.3328571319999998,0.0,,True,True,False,False,False,False,False,False,False,False,0,Low Risk,Weak,No major waste signal detected,OK,Normal,-0.1935510620341664,unusual combination of marketing metrics
780486,936,116216,30-34,F,65,2879,0,0.0,1,1,0.0,,,0.0,False,False,True,False,False,False,False,False,False,False,0,Low Risk,Insufficient Data,No major waste signal detected,Review: conversions without clicks,Normal,-0.14470387569678494,unusual combination of marketing metrics
780498,936,116218,30-34,F,64,13621,3,4.090000033,1,0,0.0220248146244769,1.3633333443333333,0.0,,True,True,False,False,False,False,False,False,False,False,0,Low Risk,Weak,No major waste signal detected,OK,Normal,-0.2073655861136327,unusual combination of marketing metrics
780511,936,116220,30-34,F,63,6175,1,1.370000005,2,1,0.0161943319838056,1.370000005,100.0,1.370000005,True,True,True,False,False,False,False,False,False,False,0,Low Risk,Weak,No major waste signal detected,OK,Normal,-0.08981040506259735,unusual combination of marketing metrics
780629,936,116240,30-34,F,28,2963,0,0.0,1,0,0.0,,,,False,False,False,False,False,False,False,False,False,False,0,Low Risk,Insufficient Data,No major waste signal detected,OK,Normal,-0.16976473844883683,unusual combination of marketing metrics
780653,936,116244,30-34,F,29,9076,1,1.379999995,1,1,0.0110180696342,1.379999995,100.0,1.379999995,True,True,True,False,False,False,False,False,False,False,0,Low Risk,Weak,No major waste signal detected,OK,Normal,-0.11195708604626325,unusual combination of marketing metrics
780655,936,116244,30-34,F,29,20941,4,5.909999967,1,1,0.0191012845613867,1.47749999175,25.0,5.909999967,True,True,True,False,False,False,False,False,False,False,0,Low Risk,Weak,No major waste signal detected,OK,Normal,-0.1659672059538227,unusual combination of marketing metrics
780666,936,116246,45-49,F,10,3462,0,0.0,1,0,0.0,,,,False,False,False,False,False,False,False,False,False,False,0,Low Risk,Insufficient Data,No major waste signal detected,OK,Normal,-0.16602862787489853,unusual combination of marketing metrics
780681,936,116248,30-34,F,26,4073,0,0.0,1,1,0.0,,,0.0,False,False,True,False,False,False,False,False,False,False,0,Low Risk,Insufficient Data,No major waste signal detected,Review: conversions without clicks,Normal,-0.13627383573163654,unusual combination of marketing metrics
780700,936,116252,30-34,F,27,3745,0,0.0,1,0,0.0,,,,False,False,False,False,False,False,False,False,False,False,0,Low Risk,Insufficient Data,No major waste signal detected,OK,Normal,-0.1639724487690985,unusual combination of marketing metrics
780748,936,116265,30-34,F,24,830,0,0.0,1,0,0.0,,,,False,False,False,False,False,False,False,False,False,False,0,Low Risk,Insufficient Data,No major waste signal detected,OK,Normal,-0.1778957238225521,unusual combination of marketing metrics
780759,936,116267,45-49,F,18,2912,0,0.0,1,0,0.0,,,,False,False,False,False,False,False,False,False,False,False,0,Low Risk,Insufficient Data,No major waste signal detected,OK,Normal,-0.17090059497555987,unusual combination of marketing metrics
780760,936,116267,45-49,F,18,17167,5,6.910000086,1,0,0.029125648045669,1.3820000172,0.0,,True,True,False,False,False,False,False,False,False,False,0,Low Risk,Weak,No major waste signal detected,OK,Normal,-0.19670106456077485,unusual combination of marketing metrics
780797,936,116273,30-34,F,22,24491,7,9.539999962,1,0,0.0285819280552039,1.3628571374285714,0.0,,True,True,False,False,False,False,False,False,False,False,0,Low Risk,Weak,No major waste signal detected,OK,Normal,-0.19471015046130175,unusual combination of marketing metrics
780799,936,116273,30-34,F,22,44699,13,17.30000037,2,0,0.0290834246851159,1.3307692592307692,0.0,,True,True,False,False,True,False,False,False,False,False,2,Medium Risk,Moderate,10+ clicks but no approved conversions,OK,Normal,-0.17749134948751655,clicks without approved conversions
780821,936,116277,30-34,F,23,6469,2,1.309999943,1,0,0.0309166795486164,0.6549999715,0.0,,True,True,False,False,False,False,False,False,False,False,0,Low Risk,Weak,No major waste signal detected,OK,Normal,-0.1394887449325164,unusual combination of marketing metrics
780830,936,116279,45-49,F,16,16053,3,4.079999924,1,1,0.0186880956830498,1.3599999746666669,33.33333333333333,4.079999924,True,True,True,False,False,False,False,False,False,False,0,Low Risk,Weak,No major waste signal detected,OK,Normal,-0.1563432748958526,unusual combination of marketing metrics
780835,936,116279,45-49,F,16,54724,12,17.92999995,1,1,0.0219282216212265,1.4941666625,8.333333333333332,17.92999995,True,True,True,False,False,False,False,False,False,False,0,Low Risk,Moderate,No major waste signal detected,OK,Normal,-0.17259299728744265,unusual combination of marketing metrics
780867,936,116285,30-34,F,21,4706,1,1.220000029,1,0,0.0212494687632809,1.220000029,0.0,,True,True,False,False,False,False,False,False,False,False,0,Low Risk,Weak,No major waste signal detected,OK,Normal,-0.1975885252763202,unusual combination of marketing metrics
780974,936,116303,40-44,F,32,8316,3,4.569999933,1,1,0.036075036075036,1.523333311,33.33333333333333,4.569999933,True,True,True,False,False,False,False,False,False,False,0,Low Risk,Weak,No major waste signal detected,OK,Normal,-0.13166506437540437,unusual combination of marketing metrics
781066,936,116323,40-44,F,22,5794,2,2.269999981,1,0,0.0345184673800483,1.1349999905,0.0,,True,True,False,False,False,False,False,False,False,False,0,Low Risk,Weak,No major waste signal detected,OK,Normal,-0.18080504796823138,unusual combination of marketing metrics
781114,936,116331,40-44,F,18,4813,1,1.029999971,1,0,0.0207770621234157,1.029999971,0.0,,True,True,False,False,False,False,False,False,False,False,0,Low Risk,Weak,No major waste signal detected,OK,Normal,-0.1850679005791135,unusual combination of marketing metrics
781159,936,116339,40-44,F,10,85285,26,36.13000035,1,0,0.030486017470833,1.3896153980769232,0.0,,True,True,False,False,True,False,False,False,False,False,2,Medium Risk,Moderate,10+ clicks but no approved conversions,OK,Normal,-0.17157877291243756,clicks without approved conversions
781162,936,116339,40-44,F,10,5839,1,1.370000005,1,0,0.0171262202431923,1.370000005,0.0,,True,True,False,False,False,False,False,False,False,False,0,Low Risk,Weak,No major waste signal detected,OK,Normal,-0.2073879610001173,unusual combination of marketing metrics
781175,936,116341,40-44,F,15,5859,1,1.539999962,1,0,0.0170677590032428,1.539999962,0.0,,True,True,False,False,False,False,False,False,False,False,0,Low Risk,Weak,No major waste signal detected,OK,Normal,-0.20653426709640044,unusual combination of marketing metrics
781187,936,116343,40-44,F,16,164118,41,59.06999993,1,0,0.0249820251282613,1.4407317056097562,0.0,,True,True,False,False,True,False,False,False,False,False,2,Medium Risk,Moderate,10+ clicks but no approved conversions,OK,Normal,-0.16858031456366396,clicks without approved conversions
781195,936,116345,35-39,F,63,18234,6,7.810000062,1,0,0.0329055610398157,1.301666677,0.0,,True,True,False,False,False,False,False,False,False,False,0,Low Risk,Weak,No major waste signal detected,OK,Normal,-0.18689363431181577,unusual combination of marketing metrics
781207,936,116347,35-39,F,64,2755,0,0.0,1,0,0.0,,,,False,False,False,False,False,False,False,False,False,False,0,Low Risk,Insufficient Data,No major waste signal detected,OK,Normal,-0.17281899965474373,unusual combination of marketing metrics
781303,936,116363,35-39,F,27,73676,20,28.5,1,0,0.0271458819697051,1.425,0.0,,True,True,False,False,True,False,False,False,False,False,2,Medium Risk,Moderate,10+ clicks but no approved conversions,OK,Normal,-0.1885813064683418,clicks without approved conversions
781305,936,116363,35-39,F,27,18421,7,10.07999992,1,0,0.0380001085717387,1.4399999885714287,0.0,,True,True,False,False,False,False,False,False,False,False,0,Low Risk,Weak,No major waste signal detected,OK,Normal,-0.17411257580697415,unusual combination of marketing metrics
781327,936,116367,35-39,F,29,164754,49,67.97999978,2,1,0.029741311288345,1.3873469342857143,2.0408163265306123,67.97999978,True,True,True,False,False,False,False,False,True,False,1,Low Risk,Moderate,high CPA,OK,Normal,-0.11987208513009012,unusual combination of marketing metrics
781353,936,116371,35-39,F,10,7449,1,1.639999986,1,1,0.0134246207544636,1.639999986,100.0,1.639999986,True,True,True,False,False,False,False,False,False,False,0,Low Risk,Weak,No major waste signal detected,OK,Normal,-0.1083051976918642,unusual combination of marketing metrics
781354,936,116371,35-39,F,10,6424,1,0.529999971,1,0,0.0155666251556662,0.529999971,0.0,,True,True,False,False,False,False,False,False,False,False,0,Low Risk,Weak,No major waste signal detected,OK,Normal,-0.15277930512368448,unusual combination of marketing metrics
781438,936,116385,30-34,M,63,2086,0,0.0,1,0,0.0,,,,False,False,False,False,False,False,False,False,False,False,0,Low Risk,Insufficient Data,No major waste signal detected,OK,Normal,-0.1746338119308221,unusual combination of marketing metrics
781470,936,116391,35-39,M,16,6016,0,0.0,1,0,0.0,,,,False,False,False,False,False,False,False,False,False,False,0,Low Risk,Insufficient Data,No major waste signal detected,OK,Normal,-0.14976354775805756,unusual combination of marketing metrics
781499,936,116395,35-39,M,15,6412,1,1.370000005,1,0,0.0155957579538365,1.370000005,0.0,,True,True,False,False,False,False,False,False,False,False,0,Low Risk,Weak,No major waste signal detected,OK,Normal,-0.20783073815958658,unusual combination of marketing metrics
781508,936,116397,30-34,F,63,5040,1,1.440000057,1,0,0.0198412698412698,1.440000057,0.0,,True,True,False,False,False,False,False,False,False,False,0,Low Risk,Weak,No major waste signal detected,OK,Normal,-0.208515093207657,unusual combination of marketing metrics
781556,936,116405,30-34,F,32,1772,0,0.0,1,0,0.0,,,,False,False,False,False,False,False,False,False,False,False,0,Low Risk,Insufficient Data,No major waste signal detected,OK,Normal,-0.17607916508795668,unusual combination of marketing metrics
781559,936,116405,30-34,F,32,1783,0,0.0,1,0,0.0,,,,False,False,False,False,False,False,False,False,False,False,0,Low Risk,Insufficient Data,No major waste signal detected,OK,Normal,-0.17612857506741458,unusual combination of marketing metrics
781606,936,116413,35-39,M,20,8200,3,3.919999957,1,0,0.0365853658536585,1.3066666523333332,0.0,,True,True,False,False,False,False,False,False,False,False,0,Low Risk,Weak,No major waste signal detected,OK,Normal,-0.18399922800120994,unusual combination of marketing metrics
781690,936,116427,45-49,F,26,115896,38,49.44000006,1,0,0.0327880168426865,1.3010526331578949,0.0,,True,True,False,False,True,False,False,False,False,False,2,Medium Risk,Moderate,10+ clicks but no approved conversions,OK,Normal,-0.14888215841321106,clicks without approved conversions
781811,936,116447,35-39,F,16,10186,1,1.230000019,1,1,0.0098173964264677,1.230000019,100.0,1.230000019,True,True,True,False,False,False,False,False,False,False,0,Low Risk,Weak,No major waste signal detected,OK,Normal,-0.09931092388979912,unusual combination of marketing metrics
781857,936,116455,30-34,M,20,9134,3,4.180000067,2,0,0.0328443179329975,1.3933333556666667,0.0,,True,True,False,False,False,False,False,False,False,False,0,Low Risk,Weak,No major waste signal detected,OK,Normal,-0.183378175722117,unusual combination of marketing metrics
781858,936,116455,30-34,M,20,3385,1,1.440000057,1,1,0.0295420974889217,1.440000057,100.0,1.440000057,True,True,True,False,False,False,False,False,False,False,0,Low Risk,Weak,No major waste signal detected,OK,Normal,-0.1063215793187619,unusual combination of marketing metrics
781907,936,116463,45-49,F,21,1314,0,0.0,1,0,0.0,,,,False,False,False,False,False,False,False,False,False,False,0,Low Risk,Insufficient Data,No major waste signal detected,OK,Normal,-0.17871807945248253,unusual combination of marketing metrics
781928,936,116467,30-34,M,18,2916,0,0.0,1,1,0.0,,,0.0,False,False,True,False,False,False,False,False,False,False,0,Low Risk,Insufficient Data,No major waste signal detected,Review: conversions without clicks,Normal,-0.14420584977204348,unusual combination of marketing metrics
781929,936,116467,30-34,M,18,6142,1,1.330000043,1,0,0.0162813415825464,1.330000043,0.0,,True,True,False,False,False,False,False,False,False,False,0,Low Risk,Weak,No major waste signal detected,OK,Normal,-0.20542932132616348,unusual combination of marketing metrics
781950,936,116471,30-34,F,20,1984,0,0.0,1,0,0.0,,,,False,False,False,False,False,False,False,False,False,False,0,Low Risk,Insufficient Data,No major waste signal detected,OK,Normal,-0.17607063794587197,unusual combination of marketing metrics
781999,936,116479,30-34,M,24,9142,3,3.749999881,1,0,0.0328155764602931,1.2499999603333334,0.0,,True,True,False,False,False,False,False,False,False,False,0,Low Risk,Weak,No major waste signal detected,OK,Normal,-0.19256002138377815,unusual combination of marketing metrics
782001,936,116479,30-34,M,24,5475,2,2.730000019,1,1,0.0365296803652968,1.3650000095,50.0,2.730000019,True,True,True,False,False,False,False,False,False,False,0,Low Risk,Weak,No major waste signal detected,OK,Normal,-0.12076821064180787,unusual combination of marketing metrics
782022,936,116483,30-34,F,18,8254,2,2.320000052,1,1,0.0242306760358614,1.160000026,50.0,2.320000052,True,True,True,False,False,False,False,False,False,False,0,Low Risk,Weak,No major waste signal detected,OK,Normal,-0.1322042041903409,unusual combination of marketing metrics
782026,936,116483,30-34,F,18,5704,1,1.320000052,1,0,0.017531556802244,1.320000052,0.0,,True,True,False,False,False,False,False,False,False,False,0,Low Risk,Weak,No major waste signal detected,OK,Normal,-0.20543737689588587,unusual combination of marketing metrics
782130,936,116501,30-34,F,16,7301,0,0.0,1,0,0.0,,,,False,False,False,False,False,False,False,False,False,False,0,Low Risk,Insufficient Data,No major waste signal detected,OK,Normal,-0.1439100609998893,unusual combination of marketing metrics
782134,936,116501,30-34,F,16,37873,5,6.169999957,1,1,0.0132020172682385,1.2339999914,20.0,6.169999957,True,True,True,False,False,False,False,False,False,False,0,Low Risk,Weak,No major waste signal detected,OK,Normal,-0.1577573246482506,unusual combination of marketing metrics
782135,936,116501,30-34,F,16,25267,4,4.940000057,2,1,0.015830925713381,1.23500001425,25.0,4.940000057,True,True,True,False,False,False,False,False,False,False,0,Low Risk,Weak,No major waste signal detected,OK,Normal,-0.14310367981540156,unusual combination of marketing metrics
782171,936,116507,30-34,F,30,535,0,0.0,1,0,0.0,,,,False,False,False,False,False,False,False,False,False,False,0,Low Risk,Insufficient Data,No major waste signal detected,OK,Normal,-0.17771310274081753,unusual combination of marketing metrics
782180,936,116509,30-34,M,29,3396,0,0.0,1,0,0.0,,,,False,False,False,False,False,False,False,False,False,False,0,Low Risk,Insufficient Data,No major waste signal detected,OK,Normal,-0.16751426411257175,unusual combination of marketing metrics
782219,936,116515,30-34,M,26,977,0,0.0,1,0,0.0,,,,False,False,False,False,False,False,False,False,False,False,0,Low Risk,Insufficient Data,No major waste signal detected,OK,Normal,-0.1776512402734412,unusual combination of marketing metrics
782228,936,116517,40-44,F,63,12318,5,6.340000153,1,1,0.0405910050332846,1.2680000306,20.0,6.340000153,True,True,True,False,False,False,False,False,False,False,0,Low Risk,Weak,No major waste signal detected,OK,Normal,-0.13406908400856632,unusual combination of marketing metrics
782242,936,116519,30-34,F,28,4783,1,0.860000014,1,0,0.0209073803052477,0.860000014,0.0,,True,True,False,False,False,False,False,False,False,False,0,Low Risk,Weak,No major waste signal detected,OK,Normal,-0.1686009658376531,unusual combination of marketing metrics
782275,936,116525,30-34,F,29,6475,1,1.350000024,1,0,0.0154440154440154,1.350000024,0.0,,True,True,False,False,False,False,False,False,False,False,0,Low Risk,Weak,No major waste signal detected,OK,Normal,-0.20722406147552225,unusual combination of marketing metrics
782337,936,116535,45-49,F,16,104578,29,39.25000095,1,1,0.0277304978102468,1.3534483086206897,3.4482758620689653,39.25000095,True,True,True,False,False,False,False,False,False,False,0,Low Risk,Moderate,No major waste signal detected,OK,Normal,-0.15237066859040754,unusual combination of marketing metrics
782407,936,116547,45-49,F,10,33664,11,12.51000035,1,0,0.0326758555133079,1.137272759090909,0.0,,True,True,False,False,True,False,False,False,False,False,2,Medium Risk,Moderate,10+ clicks but no approved conversions,OK,Normal,-0.16563654792643218,clicks without approved conversions
782443,936,116553,40-44,F,20,979,0,0.0,1,0,0.0,,,,False,False,False,False,False,False,False,False,False,False,0,Low Risk,Insufficient Data,No major waste signal detected,OK,Normal,-0.1776512402734412,unusual combination of marketing metrics
782541,936,116569,40-44,F,28,7337,3,4.079999924,1,0,0.040888646585798,1.3599999746666669,0.0,,True,True,False,False,False,False,False,False,False,False,0,Low Risk,Weak,No major waste signal detected,OK,Normal,-0.17591092259665625,unusual combination of marketing metrics
782587,936,116577,30-34,M,10,2499,0,0.0,1,0,0.0,,,,False,False,False,False,False,False,False,False,False,False,0,Low Risk,Insufficient Data,No major waste signal detected,OK,Normal,-0.1745614647712102,unusual combination of marketing metrics
782647,936,116587,40-44,F,27,11244,3,4.550000191,1,0,0.0266808964781216,1.5166667303333332,0.0,,True,True,False,False,False,False,False,False,False,False,0,Low Risk,Weak,No major waste signal detected,OK,Normal,-0.2027975263284441,unusual combination of marketing metrics
782658,936,116589,30-34,M,15,4827,0,0.0,1,0,0.0,,,,False,False,False,False,False,False,False,False,False,False,0,Low Risk,Insufficient Data,No major waste signal detected,OK,Normal,-0.15640733407970892,unusual combination of marketing metrics
782694,936,116595,35-39,F,29,29035,7,8.910000086,2,2,0.0241088341656621,1.2728571551428571,28.57142857142857,4.455000043,True,True,True,False,False,False,False,False,False,False,0,Low Risk,Weak,No major waste signal detected,OK,Normal,-0.10865506105214973,unusual combination of marketing metrics
782706,936,116597,35-39,F,30,761,0,0.0,1,0,0.0,,,,False,False,False,False,False,False,False,False,False,False,0,Low Risk,Insufficient Data,No major waste signal detected,OK,Normal,-0.178386941325267,unusual combination of marketing metrics
782754,936,116605,35-39,F,26,6532,1,1.610000014,1,0,0.0153092467850581,1.610000014,0.0,,True,True,False,False,False,False,False,False,False,False,0,Low Risk,Weak,No major waste signal detected,OK,Normal,-0.20205951830872015,unusual combination of marketing metrics
782815,936,116615,40-44,F,10,11537,3,4.300000191,1,0,0.0260032937505417,1.433333397,0.0,,True,True,False,False,False,False,False,False,False,False,0,Low Risk,Weak,No major waste signal detected,OK,Normal,-0.20532533880732395,unusual combination of marketing metrics
782816,936,116615,40-44,F,10,12183,3,2.869999945,1,0,0.0246244767298694,0.9566666483333334,0.0,,True,True,False,False,False,False,False,False,False,False,0,Low Risk,Weak,No major waste signal detected,OK,Normal,-0.17836483508641598,unusual combination of marketing metrics
782862,936,116623,35-39,F,64,5912,1,1.559999943,1,1,0.016914749661705,1.559999943,100.0,1.559999943,True,True,True,False,False,False,False,False,False,False,0,Low Risk,Weak,No major waste signal detected,OK,Normal,-0.113555225021508,unusual combination of marketing metrics
950068,936,123438,30-34,M,10,4012,1,1.570000052,1,0,0.0249252243270189,1.570000052,0.0,,True,True,False,False,False,False,False,False,False,False,0,Low Risk,Weak,No major waste signal detected,OK,Normal,-0.20070883940235235,unusual combination of marketing metrics
950078,936,123440,30-34,M,16,12396,2,3.210000038,2,1,0.0161342368505969,1.605000019,50.0,3.210000038,True,True,True,False,False,False,False,False,False,False,0,Low Risk,Weak,No major waste signal detected,OK,Normal,-0.13201123790795433,unusual combination of marketing metrics
950079,936,123440,30-34,M,16,3142,0,0.0,2,2,0.0,,,0.0,False,False,True,False,False,False,False,False,False,False,0,Low Risk,Insufficient Data,No major waste signal detected,Review: conversions without clicks,Normal,-0.05802982200780482,unusual combination of marketing metrics
950099,936,123443,30-34,M,18,1120,0,0.0,1,0,0.0,,,,False,False,False,False,False,False,False,False,False,False,0,Low Risk,Insufficient Data,No major waste signal detected,OK,Normal,-0.17655497780832963,unusual combination of marketing metrics
950109,936,123445,30-34,M,20,343,0,0.0,1,1,0.0,,,0.0,False,False,True,False,False,False,False,False,False,False,0,Low Risk,Insufficient Data,No major waste signal detected,Review: conversions without clicks,Normal,-0.15522837375646725,unusual combination of marketing metrics
950170,936,123455,30-34,M,15,1720,0,0.0,1,1,0.0,,,0.0,False,False,True,False,False,False,False,False,False,False,0,Low Risk,Insufficient Data,No major waste signal detected,Review: conversions without clicks,Normal,-0.1570407634161991,unusual combination of marketing metrics
950179,936,123457,30-34,M,16,3423,0,0.0,1,1,0.0,,,0.0,False,False,True,False,False,False,False,False,False,False,0,Low Risk,Insufficient Data,No major waste signal detected,Review: conversions without clicks,Normal,-0.1426508050742643,unusual combination of marketing metrics
950182,936,123457,30-34,M,16,3242,0,0.0,1,0,0.0,,,,False,False,False,False,False,False,False,False,False,False,0,Low Risk,Insufficient Data,No major waste signal detected,OK,Normal,-0.16888593639732313,unusual combination of marketing metrics
950183,936,123457,30-34,M,16,15720,1,1.379999995,1,0,0.0063613231552162,1.379999995,0.0,,True,True,False,False,False,False,False,False,False,False,0,Low Risk,Weak,No major waste signal detected,OK,Normal,-0.19425483307088603,unusual combination of marketing metrics
950200,936,123460,30-34,M,10,1217,0,0.0,1,1,0.0,,,0.0,False,False,True,False,False,False,False,False,False,False,0,Low Risk,Insufficient Data,No major waste signal detected,Review: conversions without clicks,Normal,-0.1596244873556426,unusual combination of marketing metrics
950224,936,123464,40-44,M,20,2367,2,2.839999914,1,1,0.084495141529362,1.419999957,50.0,2.839999914,True,True,True,False,False,False,False,False,False,False,0,Low Risk,Weak,No major waste signal detected,OK,Normal,-0.03486403866338039,unusual combination of marketing metrics
950326,936,123481,35-39,M,16,6607,1,1.320000052,2,0,0.0151354623883759,1.320000052,0.0,,True,True,False,False,False,False,False,False,False,False,0,Low Risk,Weak,No major waste signal detected,OK,Normal,-0.19466577351005276,unusual combination of marketing metrics
950345,936,123484,30-34,M,64,616,0,0.0,1,0,0.0,,,,False,False,False,False,False,False,False,False,False,False,0,Low Risk,Insufficient Data,No major waste signal detected,OK,Normal,-0.17925730749311275,unusual combination of marketing metrics
950452,936,123502,45-49,M,16,5537,1,1.519999981,1,0,0.0180603214737222,1.519999981,0.0,,True,True,False,False,False,False,False,False,False,False,0,Low Risk,Weak,No major waste signal detected,OK,Normal,-0.20692493439452087,unusual combination of marketing metrics
950463,936,123504,45-49,M,15,818,0,0.0,1,0,0.0,,,,False,False,False,False,False,False,False,False,False,False,0,Low Risk,Insufficient Data,No major waste signal detected,OK,Normal,-0.1778957238225521,unusual combination of marketing metrics
950495,936,123509,45-49,M,21,1909,1,0.980000019,1,0,0.0523834468308014,0.980000019,0.0,,True,True,False,False,False,False,False,False,False,False,0,Low Risk,Weak,No major waste signal detected,OK,Normal,-0.10849433723531793,unusual combination of marketing metrics
950521,936,123514,30-34,M,21,351,0,0.0,1,0,0.0,,,,False,False,False,False,False,False,False,False,False,False,0,Low Risk,Insufficient Data,No major waste signal detected,OK,Normal,-0.17029134198268242,unusual combination of marketing metrics
950531,936,123515,45-49,M,22,572,0,0.0,1,0,0.0,,,,False,False,False,False,False,False,False,False,False,False,0,Low Risk,Insufficient Data,No major waste signal detected,OK,Normal,-0.1781240122271604,unusual combination of marketing metrics
950537,936,123516,40-44,M,36,1884,1,1.409999967,1,0,0.0530785562632696,1.409999967,0.0,,True,True,False,False,False,False,False,False,False,False,0,Low Risk,Weak,No major waste signal detected,OK,Normal,-0.13306718686060454,unusual combination of marketing metrics
950550,936,123519,30-34,M,30,219,0,0.0,1,0,0.0,,,,False,False,False,False,False,False,False,False,False,False,0,Low Risk,Insufficient Data,No major waste signal detected,OK,Normal,-0.1686811705816021,unusual combination of marketing metrics
950577,936,123523,30-34,M,32,540,0,0.0,1,1,0.0,,,0.0,False,False,True,False,False,False,False,False,False,False,0,Low Risk,Insufficient Data,No major waste signal detected,Review: conversions without clicks,Normal,-0.15704020921509465,unusual combination of marketing metrics
950578,936,123523,30-34,M,32,550,0,0.0,1,0,0.0,,,,False,False,False,False,False,False,False,False,False,False,0,Low Risk,Insufficient Data,No major waste signal detected,OK,Normal,-0.17797223881988206,unusual combination of marketing metrics
950595,936,123526,30-34,M,26,465,0,0.0,1,0,0.0,,,,False,False,False,False,False,False,False,False,False,False,0,Low Risk,Insufficient Data,No major waste signal detected,OK,Normal,-0.17696468443214686,unusual combination of marketing metrics
950609,936,123528,30-34,M,29,1761,0,0.0,1,1,0.0,,,0.0,False,False,True,False,False,False,False,False,False,False,0,Low Risk,Insufficient Data,No major waste signal detected,Review: conversions without clicks,Normal,-0.1567979299487572,unusual combination of marketing metrics
950629,936,123532,30-34,M,65,152,0,0.0,1,1,0.0,,,0.0,False,False,True,False,False,False,False,False,False,False,0,Low Risk,Insufficient Data,No major waste signal detected,Review: conversions without clicks,Normal,-0.1506201331287117,unusual combination of marketing metrics
950631,936,123532,30-34,M,65,152,0,0.0,1,1,0.0,,,0.0,False,False,True,False,False,False,False,False,False,False,0,Low Risk,Insufficient Data,No major waste signal detected,Review: conversions without clicks,Normal,-0.1506201331287117,unusual combination of marketing metrics
950649,936,123535,30-34,M,64,429,0,0.0,1,0,0.0,,,,False,False,False,False,False,False,False,False,False,False,0,Low Risk,Insufficient Data,No major waste signal detected,OK,Normal,-0.17494073450994396,unusual combination of marketing metrics
950745,936,123551,30-34,M,29,1514,0,0.0,2,2,0.0,,,0.0,False,False,True,False,False,False,False,False,False,False,0,Low Risk,Insufficient Data,No major waste signal detected,Review: conversions without clicks,Normal,-0.06367732763357858,unusual combination of marketing metrics
950770,936,123555,30-34,M,28,7780,3,4.329999924,2,2,0.0385604113110539,1.443333308,66.66666666666666,2.164999962,True,True,True,False,False,False,False,False,False,False,0,Low Risk,Weak,No major waste signal detected,OK,Normal,-0.05117357883881468,unusual combination of marketing metrics
950772,936,123556,35-39,M,28,460,0,0.0,1,0,0.0,,,,False,False,False,False,False,False,False,False,False,False,0,Low Risk,Insufficient Data,No major waste signal detected,OK,Normal,-0.17696468443214686,unusual combination of marketing metrics
950773,936,123556,35-39,M,28,471,0,0.0,1,0,0.0,,,,False,False,False,False,False,False,False,False,False,False,0,Low Risk,Insufficient Data,No major waste signal detected,OK,Normal,-0.17696468443214686,unusual combination of marketing metrics
950776,936,123556,35-39,M,28,2633,1,1.070000052,1,0,0.0379794910748196,1.070000052,0.0,,True,True,False,False,False,False,False,False,False,False,0,Low Risk,Weak,No major waste signal detected,OK,Normal,-0.15772237387373944,unusual combination of marketing metrics
950787,936,123558,30-34,M,27,199,0,0.0,1,0,0.0,,,,False,False,False,False,False,False,False,False,False,False,0,Low Risk,Insufficient Data,No major waste signal detected,OK,Normal,-0.1686811705816021,unusual combination of marketing metrics
950808,936,123562,35-39,M,32,398,0,0.0,1,0,0.0,,,,False,False,False,False,False,False,False,False,False,False,0,Low Risk,Insufficient Data,No major waste signal detected,OK,Normal,-0.17330730903924374,unusual combination of marketing metrics
950839,936,123567,30-34,M,24,246,0,0.0,2,2,0.0,,,0.0,False,False,True,False,False,False,False,False,False,False,0,Low Risk,Insufficient Data,No major waste signal detected,Review: conversions without clicks,Normal,-0.061225773583489074,unusual combination of marketing metrics
950878,936,123573,40-44,M,10,2967,1,1.5,1,1,0.0337040781934614,1.5,100.0,1.5,True,True,True,False,False,False,False,False,False,False,0,Low Risk,Weak,No major waste signal detected,OK,Normal,-0.09712589154194756,unusual combination of marketing metrics
950969,936,123588,45-49,M,36,255,0,0.0,1,0,0.0,,,,False,False,False,False,False,False,False,False,False,False,0,Low Risk,Insufficient Data,No major waste signal detected,OK,Normal,-0.16881381546121443,unusual combination of marketing metrics
951021,936,123597,30-34,F,7,457,0,0.0,1,1,0.0,,,0.0,False,False,True,False,False,False,False,False,False,False,0,Low Risk,Insufficient Data,No major waste signal detected,Review: conversions without clicks,Normal,-0.156967199008047,unusual combination of marketing metrics
951033,936,123599,30-34,F,10,5517,1,1.230000019,1,0,0.0181257930034439,1.230000019,0.0,,True,True,False,False,False,False,False,False,False,False,0,Low Risk,Weak,No major waste signal detected,OK,Normal,-0.19856073843862604,unusual combination of marketing metrics
951035,936,123599,30-34,F,10,1539,0,0.0,1,1,0.0,,,0.0,False,False,True,False,False,False,False,False,False,False,0,Low Risk,Insufficient Data,No major waste signal detected,Review: conversions without clicks,Normal,-0.15983604013932556,unusual combination of marketing metrics
951043,936,123601,30-34,F,16,3189,0,0.0,1,0,0.0,,,,False,False,False,False,False,False,False,False,False,False,0,Low Risk,Insufficient Data,No major waste signal detected,OK,Normal,-0.1689427273600021,unusual combination of marketing metrics
951045,936,123601,30-34,F,16,3348,0,0.0,1,0,0.0,,,,False,False,False,False,False,False,False,False,False,False,0,Low Risk,Insufficient Data,No major waste signal detected,OK,Normal,-0.16860885985271312,unusual combination of marketing metrics
951046,936,123601,30-34,F,16,20050,4,4.659999847,4,1,0.0199501246882793,1.16499996175,25.0,4.659999847,True,True,True,False,False,False,False,False,False,False,0,Low Risk,Weak,No major waste signal detected,OK,Normal,-0.11169862666531277,unusual combination of marketing metrics
951102,936,123611,45-49,M,16,2254,0,0.0,1,0,0.0,,,,False,False,False,False,False,False,False,False,False,False,0,Low Risk,Insufficient Data,No major waste signal detected,OK,Normal,-0.17558222844774313,unusual combination of marketing metrics
951105,936,123611,45-49,M,16,5894,1,1.539999962,1,1,0.0169664065151001,1.539999962,100.0,1.539999962,True,True,True,False,False,False,False,False,False,False,0,Low Risk,Weak,No major waste signal detected,OK,Normal,-0.11485022685535556,unusual combination of marketing metrics
951133,936,123616,35-39,M,16,9948,2,2.720000029,2,0,0.0201045436268596,1.3600000145,0.0,,True,True,False,False,False,False,False,False,False,False,0,Low Risk,Weak,No major waste signal detected,OK,Normal,-0.19523035006981532,unusual combination of marketing metrics
951202,936,123627,45-49,F,26,5307,3,4.289999962,2,1,0.0565291124929338,1.4299999873333331,33.33333333333333,4.289999962,True,True,True,False,False,False,False,False,False,False,0,Low Risk,Weak,No major waste signal detected,OK,Normal,-0.0555162133136039,unusual combination of marketing metrics
951225,936,123631,35-39,F,22,4621,2,3.25,1,1,0.0432806751785327,1.625,50.0,3.25,True,True,True,False,False,False,False,False,False,False,0,Low Risk,Weak,No major waste signal detected,OK,Normal,-0.09347683466633488,unusual combination of marketing metrics
951270,936,123639,35-39,F,18,784,0,0.0,1,1,0.0,,,0.0,False,False,True,False,False,False,False,False,False,False,0,Low Risk,Insufficient Data,No major waste signal detected,Review: conversions without clicks,Normal,-0.15913085478373407,unusual combination of marketing metrics
951282,936,123641,35-39,F,16,5775,1,1.580000043,1,1,0.0173160173160173,1.580000043,100.0,1.580000043,True,True,True,False,False,False,False,False,False,False,0,Low Risk,Weak,No major waste signal detected,OK,Normal,-0.11244918614058669,unusual combination of marketing metrics
951285,936,123641,35-39,F,16,9297,2,2.619999886,2,1,0.0215123158007959,1.309999943,50.0,2.619999886,True,True,True,False,False,False,False,False,False,False,0,Low Risk,Weak,No major waste signal detected,OK,Normal,-0.13051684367705402,unusual combination of marketing metrics
951294,936,123643,35-39,F,15,699,0,0.0,1,0,0.0,,,,False,False,False,False,False,False,False,False,False,False,0,Low Risk,Insufficient Data,No major waste signal detected,OK,Normal,-0.17912514028218401,unusual combination of marketing metrics
951305,936,123644,35-39,F,10,1104,0,0.0,1,0,0.0,,,,False,False,False,False,False,False,False,False,False,False,0,Low Risk,Insufficient Data,No major waste signal detected,OK,Normal,-0.17655497780832963,unusual combination of marketing metrics
951334,936,123649,30-34,F,64,3717,1,1.539999962,1,0,0.0269034167339252,1.539999962,0.0,,True,True,False,False,False,False,False,False,False,False,0,Low Risk,Weak,No major waste signal detected,OK,Normal,-0.19797810605751015,unusual combination of marketing metrics
951391,936,123659,30-34,F,28,2879,1,1.590000033,2,2,0.0347342827370614,1.590000033,200.0,0.7950000165,True,True,True,False,False,False,False,False,False,False,0,Low Risk,Weak,No major waste signal detected,OK,Normal,-0.01358204957418474,unusual combination of marketing metrics
951392,936,123659,30-34,F,28,2749,1,1.389999986,1,0,0.0363768643142961,1.389999986,0.0,,True,True,False,False,False,False,False,False,False,False,0,Low Risk,Weak,No major waste signal detected,OK,Normal,-0.18604775681712515,unusual combination of marketing metrics
951400,936,123660,45-49,F,10,24028,9,12.39000034,2,0,0.0374563009821874,1.3766667044444445,0.0,,True,True,False,False,False,False,False,False,False,False,0,Low Risk,Weak,No major waste signal detected,OK,Normal,-0.1531123780117966,unusual combination of marketing metrics
951402,936,123661,30-34,F,29,1118,0,0.0,1,1,0.0,,,0.0,False,False,True,False,False,False,False,False,False,False,0,Low Risk,Insufficient Data,No major waste signal detected,Review: conversions without clicks,Normal,-0.15819317969162422,unusual combination of marketing metrics
951413,936,123662,30-34,F,26,1083,0,0.0,2,1,0.0,,,0.0,False,False,True,False,False,False,False,False,False,False,0,Low Risk,Insufficient Data,No major waste signal detected,Review: conversions without clicks,Normal,-0.10396314054307787,unusual combination of marketing metrics
951420,936,123664,30-34,F,27,843,0,0.0,1,0,0.0,,,,False,False,False,False,False,False,False,False,False,False,0,Low Risk,Insufficient Data,No major waste signal detected,OK,Normal,-0.17776615181013145,unusual combination of marketing metrics
951444,936,123668,30-34,F,25,2983,1,0.970000029,1,0,0.0335232986925913,0.970000029,0.0,,True,True,False,False,False,False,False,False,False,False,0,Low Risk,Weak,No major waste signal detected,OK,Normal,-0.16599912647319753,unusual combination of marketing metrics
951448,936,123668,30-34,F,25,696,0,0.0,1,0,0.0,,,,False,False,False,False,False,False,False,False,False,False,0,Low Risk,Insufficient Data,No major waste signal detected,OK,Normal,-0.17912514028218401,unusual combination of marketing metrics
951462,936,123671,45-49,F,16,7589,2,3.150000095,1,1,0.0263539333245486,1.5750000475,50.0,3.150000095,True,True,True,False,False,False,False,False,False,False,0,Low Risk,Weak,No major waste signal detected,OK,Normal,-0.13724883895510537,unusual combination of marketing metrics
951464,936,123671,45-49,F,16,20997,10,11.94999981,1,0,0.0476258513120922,1.194999981,0.0,,True,True,False,False,True,False,False,False,False,False,2,Medium Risk,Moderate,10+ clicks but no approved conversions,OK,Normal,-0.12892713942075573,clicks without approved conversions
951465,936,123671,45-49,F,16,4617,1,1.360000014,1,0,0.0216590859865713,1.360000014,0.0,,True,True,False,False,False,False,False,False,False,False,0,Low Risk,Weak,No major waste signal detected,OK,Normal,-0.20606492100650653,unusual combination of marketing metrics
951498,936,123677,45-49,F,20,259,0,0.0,1,0,0.0,,,,False,False,False,False,False,False,False,False,False,False,0,Low Risk,Insufficient Data,No major waste signal detected,OK,Normal,-0.1686811705816021,unusual combination of marketing metrics
951508,936,123678,30-34,F,18,1134,0,0.0,1,0,0.0,,,,False,False,False,False,False,False,False,False,False,False,0,Low Risk,Insufficient Data,No major waste signal detected,OK,Normal,-0.17668495948333074,unusual combination of marketing metrics
951542,936,123684,40-44,F,27,357,0,0.0,1,0,0.0,,,,False,False,False,False,False,False,False,False,False,False,0,Low Risk,Insufficient Data,No major waste signal detected,OK,Normal,-0.17029134198268242,unusual combination of marketing metrics
951607,936,123695,40-44,F,10,848,0,0.0,1,1,0.0,,,0.0,False,False,True,False,False,False,False,False,False,False,0,Low Risk,Insufficient Data,No major waste signal detected,Review: conversions without clicks,Normal,-0.15795834422539162,unusual combination of marketing metrics
951608,936,123695,40-44,F,10,3149,1,1.480000019,1,0,0.0317561130517624,1.480000019,0.0,,True,True,False,False,False,False,False,False,False,False,0,Low Risk,Weak,No major waste signal detected,OK,Normal,-0.1959998673477592,unusual combination of marketing metrics
951641,936,123700,40-44,F,2,87,0,0.0,1,1,0.0,,,0.0,False,False,True,False,False,False,False,False,False,False,0,Low Risk,Insufficient Data,No major waste signal detected,Review: conversions without clicks,Normal,-0.14912087838206983,unusual combination of marketing metrics
951677,936,123706,35-39,F,27,2563,1,1.480000019,1,0,0.0390167772142021,1.480000019,0.0,,True,True,False,False,False,False,False,False,False,False,0,Low Risk,Weak,No major waste signal detected,OK,Normal,-0.17951235122703557,unusual combination of marketing metrics
951692,936,123709,35-39,F,10,1107,0,0.0,1,0,0.0,,,,False,False,False,False,False,False,False,False,False,False,0,Low Risk,Insufficient Data,No major waste signal detected,OK,Normal,-0.17655497780832963,unusual combination of marketing metrics
951715,936,123713,45-49,F,64,10677,5,7.269999981,1,0,0.0468296337922637,1.4539999962,0.0,,True,True,False,False,False,False,False,False,False,False,0,Low Risk,Weak,No major waste signal detected,OK,Normal,-0.14616736774616035,unusual combination of marketing metrics
951756,936,123720,35-39,F,22,2189,1,0.409999996,1,0,0.0456829602558245,0.409999996,0.0,,True,True,False,False,False,False,False,False,False,False,0,Low Risk,Weak,No major waste signal detected,OK,Normal,-0.0908522868434779,unusual combination of marketing metrics
951779,936,123723,45-49,F,27,3277,2,2.680000067,1,0,0.0610314311870613,1.3400000335,0.0,,True,True,False,False,False,False,False,False,False,False,0,Low Risk,Weak,No major waste signal detected,OK,Normal,-0.12184892944978692,unusual combination of marketing metrics
951782,936,123724,45-49,F,26,781,0,0.0,1,0,0.0,,,,False,False,False,False,False,False,False,False,False,False,0,Low Risk,Insufficient Data,No major waste signal detected,OK,Normal,-0.178386941325267,unusual combination of marketing metrics
951810,936,123729,35-39,F,16,2226,0,0.0,1,0,0.0,,,,False,False,False,False,False,False,False,False,False,False,0,Low Risk,Insufficient Data,No major waste signal detected,OK,Normal,-0.17527058121104977,unusual combination of marketing metrics
951812,936,123729,35-39,F,16,16274,4,6.079999924,2,0,0.0245790832001966,1.519999981,0.0,,True,True,False,False,False,False,False,False,False,False,0,Low Risk,Weak,No major waste signal detected,OK,Normal,-0.19262334518463464,unusual combination of marketing metrics
951837,936,123733,45-49,F,20,2077,1,1.50999999,1,1,0.0481463649494463,1.50999999,100.0,1.50999999,True,True,True,False,False,False,False,False,False,False,0,Low Risk,Weak,No major waste signal detected,OK,Normal,-0.056615424414380056,unusual combination of marketing metrics
951853,936,123736,30-34,F,20,529,0,0.0,0,0,0.0,,,,False,False,False,False,False,False,False,False,False,False,0,Low Risk,Insufficient Data,No major waste signal detected,OK,Normal,-0.12517583029788298,unusual combination of marketing metrics
951854,936,123736,30-34,F,20,487,0,0.0,1,0,0.0,,,,False,False,False,False,False,False,False,False,False,False,0,Low Risk,Insufficient Data,No major waste signal detected,OK,Normal,-0.1772359758283883,unusual combination of marketing metrics
951856,936,123736,30-34,F,20,4626,2,2.099999905,2,0,0.0432338953739731,1.0499999525,0.0,,True,True,False,False,False,False,False,False,False,False,0,Low Risk,Weak,No major waste signal detected,OK,Normal,-0.12430666812947261,unusual combination of marketing metrics
951941,936,123750,30-34,F,28,2764,1,1.559999943,1,1,0.0361794500723589,1.559999943,100.0,1.559999943,True,True,True,False,False,False,False,False,False,False,0,Low Risk,Weak,No major waste signal detected,OK,Normal,-0.08269868249266987,unusual combination of marketing metrics
952001,936,123760,45-49,F,10,5447,2,2.960000038,1,0,0.0367174591518266,1.480000019,0.0,,True,True,False,False,False,False,False,False,False,False,0,Low Risk,Weak,No major waste signal detected,OK,Normal,-0.18431370961646193,unusual combination of marketing metrics
952031,936,123765,40-44,F,16,28169,8,12.36999989,1,1,0.0284000142000071,1.54624998625,12.5,12.36999989,True,True,True,False,False,False,False,False,False,False,0,Low Risk,Weak,No major waste signal detected,OK,Normal,-0.1591412514545128,unusual combination of marketing metrics
952080,936,123774,40-44,F,27,415,0,0.0,1,0,0.0,,,,False,False,False,False,False,False,False,False,False,False,0,Low Risk,Insufficient Data,No major waste signal detected,OK,Normal,-0.17413555066624642,unusual combination of marketing metrics
952100,936,123777,35-39,F,29,810,0,0.0,1,1,0.0,,,0.0,False,False,True,False,False,False,False,False,False,False,0,Low Risk,Insufficient Data,No major waste signal detected,Review: conversions without clicks,Normal,-0.15919186715465938,unusual combination of marketing metrics
1121091,1178,144531,30-34,M,10,1194718,141,254.049996,28,14,0.0118019482421793,1.801773021276596,9.929078014184398,18.146428285714286,True,True,True,False,False,False,True,True,False,False,2,Medium Risk,Strong,high CPC,OK,Anomaly,0.11346913819085591,very high CPC; unusually high spend
1121092,1178,144531,30-34,M,10,637648,67,122.4,13,5,0.0105073645647755,1.826865671641791,7.462686567164178,24.48,True,True,True,False,False,False,True,True,False,False,2,Medium Risk,Strong,high CPC,OK,Normal,-0.002324140163617039,very high CPC
1121094,1178,144531,30-34,M,10,24362,0,0.0,1,1,0.0,,,0.0,False,False,True,False,False,False,False,False,False,False,0,Low Risk,Insufficient Data,No major waste signal detected,Review: conversions without clicks,Normal,-0.09131983704183638,unusual combination of marketing metrics
1121095,1178,144531,30-34,M,10,459690,50,86.33000112,5,2,0.0108768952990058,1.7266000224000002,4.0,43.16500056,True,True,True,False,False,False,True,False,False,False,1,Low Risk,Strong,high CPC,OK,Normal,-0.1233856107594673,unusual combination of marketing metrics
1121096,1178,144531,30-34,M,10,750060,86,161.9099991,11,2,0.0114657494067141,1.8826744081395348,2.3255813953488373,80.95499955,True,True,True,False,False,False,True,True,True,False,3,Medium Risk,Strong,"high CPC, high CPA",OK,Normal,-0.044716435414306366,very high CPC
1121097,1178,144532,30-34,M,15,30068,1,1.820000052,1,0,0.0033257948649727,1.820000052,0.0,,True,True,False,False,False,False,False,False,False,False,0,Low Risk,Weak,No major waste signal detected,OK,Normal,-0.1579483656950657,very high CPC
1121098,1178,144532,30-34,M,15,1267550,123,236.7699986,24,10,0.0097037592205435,1.924959338211382,8.130081300813007,23.67699986,True,True,True,False,False,True,True,True,False,False,3,Medium Risk,Strong,"low CTR, high CPC",OK,Anomaly,0.09202885206670419,very high CPC; unusually high spend
1121100,1178,144532,30-34,M,15,3052003,340,639.9499981,60,17,0.0111402249604603,1.8822058767647056,5.0,37.64411753529412,True,True,True,False,False,False,True,True,False,False,2,Medium Risk,Strong,high CPC,OK,Anomaly,0.2148757797215618,very high CPC; unusually high spend
1121101,1178,144532,30-34,M,15,29945,1,1.590000033,2,1,0.0033394556687259,1.590000033,100.0,1.590000033,True,True,True,False,False,False,False,False,False,False,0,Low Risk,Weak,No major waste signal detected,OK,Normal,-0.06599196073160779,unusual combination of marketing metrics
1121102,1178,144532,30-34,M,15,357856,30,52.97000015,7,3,0.0083832603058213,1.7656666716666665,10.0,17.656666716666667,True,True,True,False,False,True,True,False,False,False,2,Medium Risk,Moderate,"low CTR, high CPC",OK,Normal,-0.07975128220852706,unusual combination of marketing metrics
1121104,1178,144533,30-34,M,16,2080666,202,360.1500015,40,21,0.0097084298969656,1.7829207995049503,10.396039603960396,17.150000071428572,True,True,True,False,False,True,True,True,False,False,3,Medium Risk,Strong,"low CTR, high CPC",OK,Anomaly,0.17647385641580038,very high CPC; unusually high spend
1121105,1178,144533,30-34,M,16,145999,9,16.5200001,5,2,0.0061644257837382,1.8355555666666667,22.22222222222222,8.26000005,True,True,True,False,False,False,False,False,False,False,0,Low Risk,Weak,No major waste signal detected,OK,Normal,-0.06648508063939573,very high CPC
1121107,1178,144533,30-34,M,16,32616,1,1.539999962,2,0,0.0030659798871719,1.539999962,0.0,,True,True,False,False,False,False,False,False,False,False,0,Low Risk,Weak,No major waste signal detected,OK,Normal,-0.16734846341920862,unusual combination of marketing metrics
1121108,1178,144533,30-34,M,16,984521,95,163.8999972,26,14,0.0096493624818566,1.725263128421053,14.736842105263156,11.707142657142857,True,True,True,False,False,True,True,False,False,False,2,Medium Risk,Strong,"low CTR, high CPC",OK,Anomaly,0.09992015583824765,unusually high spend
1121110,1178,144534,30-34,M,18,880814,123,210.3600006,6,2,0.0139643556982518,1.7102439073170732,1.6260162601626018,105.1800003,True,True,True,False,False,False,True,False,True,False,2,Medium Risk,Strong,"high CPC, high CPA",OK,Normal,-0.061446849660497016,unusually high spend
1121111,1178,144534,30-34,M,18,182452,20,35.73000026,4,1,0.0109617872097866,1.786500013,5.0,35.73000026,True,True,True,False,False,False,True,True,False,False,2,Medium Risk,Moderate,high CPC,OK,Normal,-0.1414191703019329,very high CPC
1121113,1178,144534,30-34,M,18,894911,120,215.8399994,7,4,0.0134091546533677,1.7986666616666669,3.333333333333333,53.95999985,True,True,True,False,False,False,True,True,False,False,2,Medium Risk,Strong,high CPC,OK,Normal,-0.0476974377381999,very high CPC; unusually high spend
1121114,1178,144534,30-34,M,18,31349,2,3.800000072,1,0,0.0063797888289897,1.900000036,0.0,,True,True,False,False,False,False,False,False,False,False,0,Low Risk,Weak,No major waste signal detected,OK,Normal,-0.16942442312123462,very high CPC
1121115,1178,144535,30-34,M,19,410310,55,96.80000055,3,0,0.0134044990373132,1.76000001,0.0,,True,True,False,False,True,False,True,False,False,False,3,Medium Risk,Strong,"high CPC, 10+ clicks but no approved conversions",OK,Normal,-0.1323572220625488,clicks without approved conversions
1121116,1178,144535,30-34,M,19,572450,89,157.329998,7,4,0.0155472093632631,1.767752786516854,4.49438202247191,39.3324995,True,True,True,False,False,False,True,False,False,False,1,Low Risk,Strong,high CPC,OK,Normal,-0.07237488820856353,unusual combination of marketing metrics
1121117,1178,144535,30-34,M,19,98759,15,26.56999946,1,1,0.0151884891503559,1.7713332973333331,6.666666666666667,26.56999946,True,True,True,False,False,False,True,True,False,False,2,Medium Risk,Moderate,high CPC,OK,Normal,-0.16288416510528836,very high CPC
1121119,1178,144535,30-34,M,19,345371,54,93.08999991,7,3,0.0156353602358043,1.7238888872222222,5.555555555555555,31.02999997,True,True,True,False,False,False,True,False,False,False,1,Low Risk,Strong,high CPC,OK,Normal,-0.1119581231971401,unusual combination of marketing metrics
1121121,1178,144536,30-34,M,20,323899,46,78.9200002,5,1,0.0142019580177771,1.7156521782608696,2.1739130434782608,78.9200002,True,True,True,False,False,False,True,False,True,False,2,Medium Risk,Moderate,"high CPC, high CPA",OK,Normal,-0.13257414429530973,unusual combination of marketing metrics
1121122,1178,144536,30-34,M,20,399199,58,103.1500002,3,0,0.0145290945117597,1.7784482793103449,0.0,,True,True,False,False,True,False,True,True,False,False,4,High Risk,Strong,"high CPC, 10+ clicks but no approved conversions",OK,Normal,-0.13068784155927937,very high CPC; clicks without approved conversions
1121123,1178,144536,30-34,M,20,171202,22,36.53000021,3,1,0.0128503171691919,1.6604545549999998,4.545454545454546,36.53000021,True,True,True,False,False,False,True,False,False,False,1,Low Risk,Moderate,high CPC,OK,Normal,-0.16313216571050337,unusual combination of marketing metrics
1121124,1178,144536,30-34,M,20,128386,15,28.85000002,2,1,0.0116835168943654,1.9233333346666663,6.666666666666667,28.85000002,True,True,True,False,False,False,True,True,False,False,2,Medium Risk,Moderate,high CPC,OK,Normal,-0.14470604490144223,very high CPC
1121125,1178,144536,30-34,M,20,1034284,152,257.7099986,20,9,0.0146961569549562,1.6954605171052632,5.921052631578947,28.63444428888889,True,True,True,False,False,False,True,False,False,False,1,Low Risk,Strong,high CPC,OK,Anomaly,0.039256884397154135,unusually high spend
1121126,1178,144536,30-34,M,20,45923,5,7.220000148,2,0,0.0108877904318097,1.4440000296,0.0,,True,True,False,False,False,False,False,False,False,False,0,Low Risk,Weak,No major waste signal detected,OK,Normal,-0.19066461419180336,unusual combination of marketing metrics
1121127,1178,144537,30-34,M,21,40873,4,7.899999976,2,1,0.0097864115675384,1.974999994,25.0,7.899999976,True,True,True,False,False,False,False,False,False,False,0,Low Risk,Weak,No major waste signal detected,OK,Normal,-0.12041950970400322,very high CPC
1121128,1178,144537,30-34,M,21,286553,34,62.06000042,2,1,0.0118651697940695,1.82529413,2.941176470588235,62.06000042,True,True,True,False,False,False,True,True,True,False,3,Medium Risk,Moderate,"high CPC, high CPA",OK,Normal,-0.13267386869379716,very high CPC
1121129,1178,144537,30-34,M,21,20618,1,2.099999905,2,1,0.0048501309535357,2.099999905,100.0,2.099999905,True,True,True,False,False,False,False,False,False,False,0,Low Risk,Weak,No major waste signal detected,OK,Normal,-0.025469635242993727,very high CPC
1121131,1178,144537,30-34,M,21,83591,7,14.14000046,2,2,0.0083741072603509,2.0200000657142856,28.57142857142857,7.07000023,True,True,True,False,False,False,False,False,False,False,0,Low Risk,Weak,No major waste signal detected,OK,Normal,-0.08886938414367879,very high CPC
1121132,1178,144537,30-34,M,21,114923,12,23.73000026,4,2,0.0104417740574123,1.9775000216666667,16.666666666666664,11.86500013,True,True,True,False,False,False,True,True,False,False,2,Medium Risk,Moderate,high CPC,OK,Normal,-0.09525644911835307,very high CPC
1121133,1178,144538,30-34,M,22,25002,1,1.710000038,1,0,0.0039996800255979,1.710000038,0.0,,True,True,False,False,False,False,False,False,False,False,0,Low Risk,Weak,No major waste signal detected,OK,Normal,-0.1775412915904112,unusual combination of marketing metrics
1121134,1178,144538,30-34,M,22,68905,5,9.440000057,1,0,0.0072563674624482,1.8880000114,0.0,,True,True,False,False,False,False,False,False,False,False,0,Low Risk,Weak,No major waste signal detected,OK,Normal,-0.16695816064118002,very high CPC
1121136,1178,144538,30-34,M,22,169588,16,27.79999924,1,0,0.0094346298087128,1.7374999525,0.0,,True,True,False,False,True,True,True,False,False,False,4,High Risk,Moderate,"low CTR, high CPC, 10+ clicks but no approved conversions",OK,Normal,-0.16782228474776628,clicks without approved conversions
1121138,1178,144538,30-34,M,22,328991,35,67.65000057,5,2,0.0106385888975686,1.9328571591428567,5.714285714285714,33.825000285,True,True,True,False,False,False,True,True,False,False,2,Medium Risk,Moderate,high CPC,OK,Normal,-0.10151657224356131,very high CPC
1121141,1178,144539,30-34,M,23,23198,2,2.980000019,1,0,0.008621432882145,1.4900000095,0.0,,True,True,False,False,False,False,False,False,False,False,0,Low Risk,Weak,No major waste signal detected,OK,Normal,-0.19797690145311553,unusual combination of marketing metrics
1121142,1178,144539,30-34,M,23,26890,2,3.24000001,1,0,0.0074377091855708,1.620000005,0.0,,True,True,False,False,False,False,False,False,False,False,0,Low Risk,Weak,No major waste signal detected,OK,Normal,-0.1926102498931967,unusual combination of marketing metrics
1121143,1178,144539,30-34,M,23,221695,31,52.26000011,5,2,0.0139831750828841,1.6858064551612904,6.451612903225806,26.130000055,True,True,True,False,False,False,True,False,False,False,1,Low Risk,Moderate,high CPC,OK,Normal,-0.13713184622709335,unusual combination of marketing metrics
1121152,1178,144541,30-34,M,24,88443,7,13.0400002,1,1,0.0079147021245321,1.8628571714285715,14.285714285714285,13.0400002,True,True,True,False,False,False,False,False,False,False,0,Low Risk,Weak,No major waste signal detected,OK,Normal,-0.14455204649939069,very high CPC
1121153,1178,144541,30-34,M,24,187856,23,38.38999975,5,1,0.0122434204922919,1.6691304239130436,4.3478260869565215,38.38999975,True,True,True,False,False,False,True,False,False,False,1,Low Risk,Moderate,high CPC,OK,Normal,-0.15275296004775768,unusual combination of marketing metrics
1121164,1178,144545,30-34,M,25,570699,80,138.7699997,9,2,0.0140178973504421,1.73462499625,2.5,69.38499985,True,True,True,False,False,False,True,False,True,False,2,Medium Risk,Strong,"high CPC, high CPA",OK,Normal,-0.0860921200223857,unusual combination of marketing metrics
1121167,1178,144545,30-34,M,25,1063508,145,260.3800013,23,7,0.0136341240498425,1.7957241468965517,4.827586206896552,37.19714304285714,True,True,True,False,False,False,True,True,False,False,2,Medium Risk,Strong,high CPC,OK,Anomaly,0.03236577267333607,very high CPC; unusually high spend
1121168,1178,144545,30-34,M,25,50523,6,8.549999952,1,0,0.0118757793480197,1.424999992,0.0,,True,True,False,False,False,False,False,False,False,False,0,Low Risk,Weak,No major waste signal detected,OK,Normal,-0.19738451488895126,unusual combination of marketing metrics
1121172,1178,144547,30-34,M,26,87935,9,15.63000023,1,0,0.0102348325467674,1.7366666922222225,0.0,,True,True,False,False,False,False,False,False,False,False,0,Low Risk,Weak,No major waste signal detected,OK,Normal,-0.18554383923781265,unusual combination of marketing metrics
1121173,1178,144547,30-34,M,26,278225,33,60.19999957,3,0,0.0118609039446491,1.8242424112121212,0.0,,True,True,False,False,True,False,True,True,False,False,4,High Risk,Moderate,"high CPC, 10+ clicks but no approved conversions",OK,Normal,-0.13849911195868686,very high CPC; clicks without approved conversions
1121175,1178,144547,30-34,M,26,209461,20,34.19000006,1,0,0.0095483168704436,1.709500003,0.0,,True,True,False,False,True,True,True,False,False,False,4,High Risk,Moderate,"low CTR, high CPC, 10+ clicks but no approved conversions",OK,Normal,-0.16706525629296431,clicks without approved conversions
1121177,1178,144547,30-34,M,26,26316,2,3.24000001,3,0,0.0075999392004863,1.620000005,0.0,,True,True,False,False,False,False,False,False,False,False,0,Low Risk,Weak,No major waste signal detected,OK,Normal,-0.16079557994601507,unusual combination of marketing metrics
1121181,1178,144549,30-34,M,27,41030,3,5.140000105,2,1,0.0073117231294175,1.7133333683333334,33.33333333333333,5.140000105,True,True,True,False,False,False,False,False,False,False,0,Low Risk,Weak,No major waste signal detected,OK,Normal,-0.12892676257509922,unusual combination of marketing metrics
1121182,1178,144549,30-34,M,27,876671,120,216.5599982,22,4,0.013688145267723,1.8046666516666667,3.333333333333333,54.13999955,True,True,True,False,False,False,True,True,True,False,3,Medium Risk,Strong,"high CPC, high CPA",OK,Anomaly,0.0017980126022730802,very high CPC; unusually high spend
1121183,1178,144549,30-34,M,27,399392,53,93.07000041,5,0,0.0132701706594022,1.7560377435849055,0.0,,True,True,False,False,True,False,True,False,False,False,3,Medium Risk,Strong,"high CPC, 10+ clicks but no approved conversions",OK,Normal,-0.12237065682528447,clicks without approved conversions
1121184,1178,144549,30-34,M,27,283858,30,56.05999923,1,0,0.0105686646139971,1.868666641,0.0,,True,True,False,False,True,False,True,True,False,False,4,High Risk,Moderate,"high CPC, 10+ clicks but no approved conversions",OK,Normal,-0.13950490262696558,very high CPC; clicks without approved conversions
1121185,1178,144549,30-34,M,27,260699,31,54.09999871,5,2,0.011891108136203,1.7451612487096777,6.451612903225806,27.049999355,True,True,True,False,False,False,True,False,False,False,1,Low Risk,Moderate,high CPC,OK,Normal,-0.13053838237043902,unusual combination of marketing metrics
1121193,1178,144552,30-34,M,28,57781,5,7.800000072,2,1,0.0086533635624167,1.5600000144,20.0,7.800000072,True,True,True,False,False,False,False,False,False,False,0,Low Risk,Weak,No major waste signal detected,OK,Normal,-0.15722747515680413,unusual combination of marketing metrics
1121195,1178,144552,30-34,M,28,38757,3,5.220000029,1,0,0.0077405371932812,1.7400000096666668,0.0,,True,True,False,False,False,False,False,False,False,False,0,Low Risk,Weak,No major waste signal detected,OK,Normal,-0.18214466505942406,unusual combination of marketing metrics
1121196,1178,144552,30-34,M,28,1392288,206,358.5500029,31,7,0.0147957893769105,1.740533994660194,3.3980582524271843,51.22142898571428,True,True,True,False,False,False,True,False,False,False,1,Low Risk,Strong,high CPC,OK,Anomaly,0.08324760342615911,unusually high spend
1121197,1178,144552,30-34,M,28,1109387,159,280.9899995,13,2,0.0143322393357773,1.7672327012578617,1.257861635220126,140.49499975,True,True,True,False,False,False,True,False,True,True,3,Medium Risk,Strong,"high CPC, high CPA",OK,Anomaly,0.0039420666503448,very high CPA; unusually high spend
1121202,1178,144554,30-34,M,29,581281,65,115.1200008,10,5,0.0111821993149612,1.7710769353846154,7.6923076923076925,23.02400016,True,True,True,False,False,False,True,True,False,False,2,Medium Risk,Strong,high CPC,OK,Normal,-0.03126410847003469,very high CPC
1121203,1178,144554,30-34,M,29,1048861,128,219.770002,22,8,0.0122037143148615,1.716953140625,6.25,27.47125025,True,True,True,False,False,False,True,False,False,False,1,Low Risk,Strong,high CPC,OK,Anomaly,0.04445964040052908,unusually high spend
1121205,1178,144554,30-34,M,29,297452,30,52.01999986,4,1,0.0100856608797385,1.7339999953333334,3.333333333333333,52.01999986,True,True,True,False,False,False,True,False,False,False,1,Low Risk,Moderate,high CPC,OK,Normal,-0.13923352569597408,unusual combination of marketing metrics
1121206,1178,144554,30-34,M,29,227925,22,35.30999994,22,12,0.0096522979050126,1.6049999972727271,54.54545454545454,2.942499995,True,True,True,False,False,True,False,False,False,False,1,Low Risk,Moderate,low CTR,OK,Anomaly,0.07706704762074368,unusual combination of marketing metrics
1121207,1178,144554,30-34,M,29,374175,38,63.32000101,8,3,0.0101556758201376,1.6663158160526317,7.894736842105263,21.10666700333333,True,True,True,False,False,False,True,False,False,False,1,Low Risk,Moderate,high CPC,OK,Normal,-0.09654411391861273,unusual combination of marketing metrics
1121211,1178,144556,30-34,M,30,223586,32,54.24000037,1,0,0.0143121662358108,1.6950000115625,0.0,,True,True,False,False,True,False,True,False,False,False,3,Medium Risk,Moderate,"high CPC, 10+ clicks but no approved conversions",OK,Normal,-0.17293796763695846,clicks without approved conversions
1121213,1178,144556,30-34,M,30,283170,39,65.22999996,2,1,0.0137726454073524,1.6725641015384616,2.564102564102564,65.22999996,True,True,True,False,False,False,True,False,True,False,2,Medium Risk,Moderate,"high CPC, high CPA",OK,Normal,-0.15152801892003748,unusual combination of marketing metrics
1121215,1178,144556,30-34,M,30,41636,3,4.210000038,1,0,0.0072053031030838,1.403333346,0.0,,True,True,False,False,False,False,False,False,False,False,0,Low Risk,Weak,No major waste signal detected,OK,Normal,-0.19236812739115794,unusual combination of marketing metrics
1121216,1178,144556,30-34,M,30,198658,30,48.60999978,8,1,0.0151013299237886,1.620333326,3.333333333333333,48.60999978,True,True,True,False,False,False,False,False,False,False,0,Low Risk,Moderate,No major waste signal detected,OK,Normal,-0.12888593661529157,unusual combination of marketing metrics
1121220,1178,144558,30-34,M,31,100596,10,13.91999972,4,2,0.0099407531114557,1.391999972,20.0,6.95999986,True,True,True,False,False,True,False,False,False,False,1,Low Risk,Moderate,low CTR,OK,Normal,-0.11122713129058975,unusual combination of marketing metrics
1121223,1178,144558,30-34,M,31,64020,5,11.0599997,1,0,0.0078100593564511,2.21199994,0.0,,True,True,False,False,False,False,False,False,False,False,0,Low Risk,Weak,No major waste signal detected,OK,Normal,-0.14476784048171454,very high CPC
1121224,1178,144558,30-34,M,31,14289,0,0.0,1,0,0.0,,,,False,False,False,False,False,False,False,False,False,False,0,Low Risk,Insufficient Data,No major waste signal detected,OK,Normal,-0.11421912697502434,unusual combination of marketing metrics
1121229,1178,144561,30-34,M,32,404866,43,87.42000079,4,0,0.0106207979924221,2.033023274186047,0.0,,True,True,False,False,True,False,True,True,False,False,4,High Risk,Moderate,"high CPC, 10+ clicks but no approved conversions",OK,Normal,-0.09749748681712406,very high CPC; clicks without approved conversions
1121231,1178,144561,30-34,M,32,22256,1,1.659999967,1,1,0.0044931703810208,1.659999967,100.0,1.659999967,True,True,True,False,False,False,False,False,False,False,0,Low Risk,Weak,No major waste signal detected,OK,Normal,-0.08240279174485782,unusual combination of marketing metrics
1121233,1178,144561,30-34,M,32,57690,4,6.74000001,1,0,0.0069336106777604,1.6850000025,0.0,,True,True,False,False,False,False,False,False,False,False,0,Low Risk,Weak,No major waste signal detected,OK,Normal,-0.1845930065937052,unusual combination of marketing metrics
1121241,1178,144562,30-34,M,36,24952,5,8.220000267,3,2,0.02003847386983,1.6440000534,40.0,4.1100001335,True,True,True,False,False,False,False,False,False,False,0,Low Risk,Weak,No major waste signal detected,OK,Normal,-0.09011836745143059,unusual combination of marketing metrics
1121242,1178,144562,30-34,M,36,38900,3,5.580000043,1,0,0.0077120822622107,1.8600000143333333,0.0,,True,True,False,False,False,False,False,False,False,False,0,Low Risk,Weak,No major waste signal detected,OK,Normal,-0.17016669648498461,very high CPC
1121243,1178,144562,30-34,M,36,53520,6,9.2299999,1,1,0.0112107623318385,1.5383333166666666,16.666666666666664,9.2299999,True,True,True,False,False,False,False,False,False,False,0,Low Risk,Weak,No major waste signal detected,OK,Normal,-0.1683162289191104,unusual combination of marketing metrics
1121244,1178,144562,30-34,M,36,181683,20,34.22999972,2,1,0.0110081845852391,1.7114999860000002,5.0,34.22999972,True,True,True,False,False,False,True,False,False,False,1,Low Risk,Moderate,high CPC,OK,Normal,-0.15740502454223004,unusual combination of marketing metrics
1121245,1178,144562,30-34,M,36,29185,2,3.149999976,1,0,0.0068528353606304,1.574999988,0.0,,True,True,False,False,False,False,False,False,False,False,0,Low Risk,Weak,No major waste signal detected,OK,Normal,-0.19367191568771774,unusual combination of marketing metrics
1121246,1178,144562,30-34,M,36,105047,13,20.2099994,3,1,0.0123754129104115,1.5546153384615384,7.6923076923076925,20.2099994,True,True,True,False,False,False,False,False,False,False,0,Low Risk,Moderate,No major waste signal detected,OK,Normal,-0.16446803598527165,unusual combination of marketing metrics
1121250,1178,144565,30-34,M,63,287976,31,59.43999982,3,2,0.010764785954385,1.917419349032258,6.451612903225806,29.71999991,True,True,True,False,False,False,True,True,False,False,2,Medium Risk,Moderate,high CPC,OK,Normal,-0.11157013321413817,very high CPC
1121251,1178,144565,30-34,M,63,212175,22,38.58999968,2,1,0.0103687993401673,1.7540908945454543,4.545454545454546,38.58999968,True,True,True,False,False,False,True,False,False,False,1,Low Risk,Moderate,high CPC,OK,Normal,-0.15248064402299755,unusual combination of marketing metrics
1121252,1178,144565,30-34,M,63,11139,0,0.0,1,1,0.0,,,0.0,False,False,True,False,False,False,False,False,False,False,0,Low Risk,Insufficient Data,No major waste signal detected,Review: conversions without clicks,Normal,-0.10672061393607246,unusual combination of marketing metrics
1121254,1178,144565,30-34,M,63,124005,11,21.84999979,4,1,0.0088706100560461,1.986363617272727,9.090909090909092,21.84999979,True,True,True,False,False,True,True,True,False,False,3,Medium Risk,Moderate,"low CTR, high CPC",OK,Normal,-0.1116413257048437,very high CPC
1121255,1178,144565,30-34,M,63,20423,1,1.960000038,1,0,0.0048964402879106,1.960000038,0.0,,True,True,False,False,False,False,False,False,False,False,0,Low Risk,Weak,No major waste signal detected,OK,Normal,-0.14760871069002085,very high CPC
1121261,1178,144567,30-34,M,64,103001,14,22.32000005,1,0,0.0135921010475626,1.594285717857143,0.0,,True,True,False,False,True,False,False,False,False,False,2,Medium Risk,Moderate,10+ clicks but no approved conversions,OK,Normal,-0.19797602084325738,clicks without approved conversions
1121262,1178,144567,30-34,M,64,447420,66,110.2399991,7,2,0.0147512404452192,1.6703030166666668,3.0303030303030303,55.11999955,True,True,True,False,False,False,True,False,True,False,2,Medium Risk,Strong,"high CPC, high CPA",OK,Normal,-0.12241212126060819,unusual combination of marketing metrics
1121263,1178,144567,30-34,M,64,156101,19,29.75000048,2,2,0.0121716068442867,1.5657894989473684,10.526315789473683,14.87500024,True,True,True,False,False,False,False,False,False,False,0,Low Risk,Moderate,No major waste signal detected,OK,Normal,-0.15003927382065535,unusual combination of marketing metrics
1121264,1178,144567,30-34,M,64,93015,12,18.47000015,1,0,0.0129011449766166,1.5391666791666667,0.0,,True,True,False,False,True,False,False,False,False,False,2,Medium Risk,Moderate,10+ clicks but no approved conversions,OK,Normal,-0.19760306564582636,clicks without approved conversions
1121265,1178,144568,30-34,M,65,145398,23,36.24000025,1,0,0.0158186494999931,1.5756521847826088,0.0,,True,True,False,False,True,False,False,False,False,False,2,Medium Risk,Moderate,10+ clicks but no approved conversions,OK,Normal,-0.18865065658739255,clicks without approved conversions
1121269,1178,144568,30-34,M,65,296413,50,76.43999958,3,1,0.0168683559762898,1.5287999916,2.0,76.43999958,True,True,True,False,False,False,False,False,True,False,1,Low Risk,Strong,high CPA,OK,Normal,-0.13935401442166834,unusual combination of marketing metrics
1121273,1178,144569,30-34,M,2,9370,0,0.0,1,1,0.0,,,0.0,False,False,True,False,False,False,False,False,False,False,0,Low Risk,Insufficient Data,No major waste signal detected,Review: conversions without clicks,Normal,-0.11394141238309385,unusual combination of marketing metrics
1121274,1178,144569,30-34,M,2,63785,7,11.80000019,6,2,0.0109743670141882,1.685714312857143,28.57142857142857,5.900000095,True,True,True,False,False,False,False,False,False,False,0,Low Risk,Weak,No major waste signal detected,OK,Normal,-0.08226666894435358,unusual combination of marketing metrics
1121275,1178,144569,30-34,M,2,118522,14,26.81999981,2,1,0.011812153018005,1.915714272142857,7.142857142857142,26.81999981,True,True,True,False,False,False,True,True,False,False,2,Medium Risk,Moderate,high CPC,OK,Normal,-0.14966874654189177,very high CPC
1121276,1178,144569,30-34,M,2,240123,38,65.67000115,5,4,0.0158252229065937,1.728157925,10.526315789473683,16.4175002875,True,True,True,False,False,False,True,False,False,False,1,Low Risk,Moderate,high CPC,OK,Normal,-0.08825050189519745,unusual combination of marketing metrics
1121277,1178,144570,30-34,M,7,169108,20,32.24000025,2,1,0.0118267615961397,1.6120000125,5.0,32.24000025,True,True,True,False,False,False,False,False,False,False,0,Low Risk,Moderate,No major waste signal detected,OK,Normal,-0.16683817496970094,unusual combination of marketing metrics
1121278,1178,144570,30-34,M,7,1044442,142,245.5999999,22,8,0.0135957765007535,1.729577464084507,5.633802816901409,30.6999999875,True,True,True,False,False,False,True,False,False,False,1,Low Risk,Strong,high CPC,OK,Anomaly,0.03414657683486122,unusually high spend
1121279,1178,144570,30-34,M,7,93891,11,17.6400001,5,3,0.01171571290113,1.6036363727272729,27.27272727272727,5.880000033333334,True,True,True,False,False,False,False,False,False,False,0,Low Risk,Moderate,No major waste signal detected,OK,Normal,-0.07922993536946299,unusual combination of marketing metrics
1121282,1178,144570,30-34,M,7,185823,25,38.54999936,4,1,0.0134536628942595,1.5419999744,4.0,38.54999936,True,True,True,False,False,False,False,False,False,False,0,Low Risk,Moderate,No major waste signal detected,OK,Normal,-0.16607763990188018,unusual combination of marketing metrics
1121284,1178,144571,30-34,M,66,175631,23,40.75999951,1,0,0.0130956380137902,1.7721738917391303,0.0,,True,True,False,False,True,False,True,True,False,False,4,High Risk,Moderate,"high CPC, 10+ clicks but no approved conversions",OK,Normal,-0.17410111904727854,very high CPC; clicks without approved conversions
1121285,1178,144571,30-34,M,66,37187,4,6.370000005,1,0,0.0107564471455078,1.59250000125,0.0,,True,True,False,False,False,False,False,False,False,False,0,Low Risk,Weak,No major waste signal detected,OK,Normal,-0.19575204622213987,unusual combination of marketing metrics
1121286,1178,144571,30-34,M,66,10991,0,0.0,1,0,0.0,,,,False,False,False,False,False,False,False,False,False,False,0,Low Risk,Insufficient Data,No major waste signal detected,OK,Normal,-0.12283716970946873,unusual combination of marketing metrics
1121287,1178,144571,30-34,M,66,344618,51,89.76000047,3,1,0.0147989948290571,1.7600000092156862,1.96078431372549,89.76000047,True,True,True,False,False,False,True,False,True,False,2,Medium Risk,Strong,"high CPC, high CPA",OK,Normal,-0.12211387573461502,unusual combination of marketing metrics
1121289,1178,144572,35-39,M,10,98066,9,16.1500001,1,0,0.0091774927089919,1.7944444555555554,0.0,,True,True,False,False,False,False,False,False,False,False,0,Low Risk,Weak,No major waste signal detected,OK,Normal,-0.17436185918531233,very high CPC
1121290,1178,144572,35-39,M,10,770749,100,189.1299984,13,3,0.0129743924416379,1.891299984,3.0,63.0433328,True,True,True,False,False,False,True,True,True,False,3,Medium Risk,Strong,"high CPC, high CPA",OK,Normal,-0.031031606221155417,very high CPC; unusually high spend
1121291,1178,144572,35-39,M,10,52553,5,8.529999852,1,0,0.0095142047076284,1.7059999704,0.0,,True,True,False,False,False,False,False,False,False,False,0,Low Risk,Weak,No major waste signal detected,OK,Normal,-0.1884617536630192,unusual combination of marketing metrics
1121292,1178,144572,35-39,M,10,362296,39,67.77000129,7,3,0.0107646786053392,1.7376923407692306,7.6923076923076925,22.59000043,True,True,True,False,False,False,True,False,False,False,1,Low Risk,Moderate,high CPC,OK,Normal,-0.1006325613484893,unusual combination of marketing metrics
1121293,1178,144572,35-39,M,10,427729,50,96.8999989,4,1,0.0116896446114245,1.937999978,2.0,96.8999989,True,True,True,False,False,False,True,True,True,False,3,Medium Risk,Strong,"high CPC, high CPA",OK,Normal,-0.09573755920474175,very high CPC
1121296,1178,144573,35-39,M,15,180351,21,37.13000011,1,1,0.0116439609428281,1.7680952433333332,4.761904761904762,37.13000011,True,True,True,False,False,False,True,False,False,False,1,Low Risk,Moderate,high CPC,OK,Normal,-0.15250405369395065,unusual combination of marketing metrics
1121297,1178,144573,35-39,M,15,187329,29,53.15999961,2,1,0.0154807851427168,1.8331034348275863,3.4482758620689653,53.15999961,True,True,True,False,False,False,True,True,False,False,2,Medium Risk,Moderate,high CPC,OK,Normal,-0.13913749602397185,very high CPC
1121300,1178,144573,35-39,M,15,782894,118,192.9299995,5,2,0.0150722830932412,1.634999995762712,1.694915254237288,96.46499975,True,True,True,False,False,False,False,False,True,False,1,Low Risk,Strong,high CPA,OK,Normal,-0.08420501219530085,unusually high spend
1121302,1178,144574,35-39,M,16,1206533,128,236.1199988,17,6,0.0106089099925157,1.844687490625,4.6875,39.35333313333333,True,True,True,False,False,False,True,True,False,False,2,Medium Risk,Strong,high CPC,OK,Anomaly,0.04591058588610564,very high CPC; unusually high spend
1121303,1178,144574,35-39,M,16,84494,7,12.57000017,2,0,0.0082846119251071,1.79571431,0.0,,True,True,False,False,False,False,False,False,False,False,0,Low Risk,Weak,No major waste signal detected,OK,Normal,-0.1690154696789834,very high CPC
1121304,1178,144574,35-39,M,16,94257,7,12.5800004,1,1,0.007426504132319,1.7971429142857145,14.285714285714285,12.5800004,True,True,True,False,False,False,False,False,False,False,0,Low Risk,Weak,No major waste signal detected,OK,Normal,-0.14907324478709966,very high CPC
1121309,1178,144575,35-39,M,18,131060,16,28.04999959,2,1,0.012208148939417,1.753124974375,6.25,28.04999959,True,True,True,False,False,False,True,False,False,False,1,Low Risk,Moderate,high CPC,OK,Normal,-0.16453193888329187,unusual combination of marketing metrics
1121310,1178,144575,35-39,M,18,341603,50,83.48000121,4,2,0.0146368737979467,1.6696000242,4.0,41.740000605,True,True,True,False,False,False,True,False,False,False,1,Low Risk,Strong,high CPC,OK,Normal,-0.144448464452121,unusual combination of marketing metrics
1121311,1178,144575,35-39,M,18,140749,19,30.4799999,1,1,0.0134992078096469,1.6042105210526316,5.263157894736842,30.4799999,True,True,True,False,False,False,False,False,False,False,0,Low Risk,Moderate,No major waste signal detected,OK,Normal,-0.17376393330653028,unusual combination of marketing metrics
1121312,1178,144575,35-39,M,18,102525,13,20.29999983,2,1,0.0126798341867837,1.5615384484615384,7.6923076923076925,20.29999983,True,True,True,False,False,False,False,False,False,False,0,Low Risk,Moderate,No major waste signal detected,OK,Normal,-0.17578638748785064,unusual combination of marketing metrics
1121316,1178,144576,35-39,M,19,447952,68,131.5799983,8,1,0.0151801978783441,1.934999975,1.4705882352941175,131.5799983,True,True,True,False,False,False,True,True,True,True,4,High Risk,Strong,"high CPC, high CPA",OK,Normal,-0.06063074778614419,very high CPC; very high CPA
1121317,1178,144576,35-39,M,19,76355,9,14.62999988,2,0,0.0117870473446401,1.625555542222222,0.0,,True,True,False,False,False,False,False,False,False,False,0,Low Risk,Weak,No major waste signal detected,OK,Normal,-0.1898628677726557,unusual combination of marketing metrics
1121319,1178,144577,35-39,M,20,256598,38,64.46999931,6,1,0.0148091567354383,1.6965789292105264,2.631578947368421,64.46999931,True,True,True,False,False,False,True,False,True,False,2,Medium Risk,Moderate,"high CPC, high CPA",OK,Normal,-0.1393010445099972,unusual combination of marketing metrics
1121321,1178,144577,35-39,M,20,127476,21,30.15000057,3,2,0.0164736891650193,1.4357143128571428,9.523809523809524,15.075000285,True,True,True,False,False,False,False,False,False,False,0,Low Risk,Moderate,No major waste signal detected,OK,Normal,-0.14706665963578153,unusual combination of marketing metrics
1121322,1178,144577,35-39,M,20,237603,37,62.25000024,5,2,0.01557219395378,1.682432438918919,5.405405405405405,31.12500012,True,True,True,False,False,False,True,False,False,False,1,Low Risk,Moderate,high CPC,OK,Normal,-0.1386593130217626,unusual combination of marketing metrics
1121327,1178,144578,35-39,M,21,271091,42,78.03999984,3,1,0.0154929525509884,1.8580952342857144,2.380952380952381,78.03999984,True,True,True,False,False,False,True,True,True,False,3,Medium Risk,Moderate,"high CPC, high CPA",OK,Normal,-0.12234592209757195,very high CPC
1121330,1178,144578,35-39,M,21,21743,2,3.400000095,1,0,0.0091983626914409,1.7000000475,0.0,,True,True,False,False,False,False,False,False,False,False,0,Low Risk,Weak,No major waste signal detected,OK,Normal,-0.19331515806044985,unusual combination of marketing metrics
1121333,1178,144579,35-39,M,22,88970,10,14.8300004,2,0,0.0112397437338428,1.48300004,0.0,,True,True,False,False,True,False,False,False,False,False,2,Medium Risk,Moderate,10+ clicks but no approved conversions,OK,Normal,-0.18853069926948107,clicks without approved conversions
1121334,1178,144579,35-39,M,22,108362,13,22.42999983,1,1,0.0119968254554179,1.7253846023076922,7.6923076923076925,22.42999983,True,True,True,False,False,False,True,False,False,False,1,Low Risk,Moderate,high CPC,OK,Normal,-0.16849793682225633,unusual combination of marketing metrics
1121335,1178,144579,35-39,M,22,188596,27,44.14000034,3,0,0.0143163163587774,1.6348148274074077,0.0,,True,True,False,False,True,False,False,False,False,False,2,Medium Risk,Moderate,10+ clicks but no approved conversions,OK,Normal,-0.17256130990096374,clicks without approved conversions
1121336,1178,144579,35-39,M,22,275080,43,69.65999997,4,3,0.0156318161989239,1.6199999993023255,6.976744186046512,23.21999999,True,True,True,False,False,False,False,False,False,False,0,Low Risk,Moderate,No major waste signal detected,OK,Normal,-0.12353423449145262,unusual combination of marketing metrics
1121337,1178,144580,35-39,M,23,64647,10,16.26999998,1,0,0.0154686219004748,1.626999998,0.0,,True,True,False,False,True,False,False,False,False,False,2,Medium Risk,Moderate,10+ clicks but no approved conversions,OK,Normal,-0.19865047908229455,clicks without approved conversions
1121338,1178,144580,35-39,M,23,31265,4,5.789999902,1,0,0.0127938589477051,1.4474999755,0.0,,True,True,False,False,False,False,False,False,False,False,0,Low Risk,Weak,No major waste signal detected,OK,Normal,-0.20223513697486506,unusual combination of marketing metrics
1121340,1178,144580,35-39,M,23,140147,24,42.08000016,2,0,0.0171248760230329,1.75333334,0.0,,True,True,False,False,True,False,True,False,False,False,3,Medium Risk,Moderate,"high CPC, 10+ clicks but no approved conversions",OK,Normal,-0.1745440629354561,clicks without approved conversions
1121341,1178,144580,35-39,M,23,223120,40,67.66999984,1,0,0.017927572606669,1.691749996,0.0,,True,True,False,False,True,False,True,False,False,False,3,Medium Risk,Moderate,"high CPC, 10+ clicks but no approved conversions",OK,Normal,-0.1675020328949588,clicks without approved conversions
1121342,1178,144580,35-39,M,23,104869,18,34.07000089,1,0,0.0171642716150626,1.8927778272222224,0.0,,True,True,False,False,True,False,True,True,False,False,4,High Risk,Moderate,"high CPC, 10+ clicks but no approved conversions",OK,Normal,-0.17147140503315444,very high CPC; clicks without approved conversions
1121344,1178,144581,35-39,M,24,165177,23,41.71999967,4,1,0.0139244567948322,1.8139130291304348,4.3478260869565215,41.71999967,True,True,True,False,False,False,True,True,False,False,2,Medium Risk,Moderate,high CPC,OK,Normal,-0.14527706555111408,very high CPC
1121345,1178,144581,35-39,M,24,84194,11,19.56999981,1,0,0.0130650640188136,1.7790908918181818,0.0,,True,True,False,False,True,False,True,True,False,False,4,High Risk,Moderate,"high CPC, 10+ clicks but no approved conversions",OK,Normal,-0.1880062476751363,very high CPC; clicks without approved conversions
1121347,1178,144581,35-39,M,24,220581,31,57.37,1,1,0.0140537942977863,1.8506451612903223,3.225806451612903,57.37,True,True,True,False,False,False,True,True,True,False,3,Medium Risk,Moderate,"high CPC, high CPA",OK,Normal,-0.13132799871391626,very high CPC
1121350,1178,144582,35-39,M,25,75804,10,17.36999965,2,1,0.0131919159938789,1.736999965,10.0,17.36999965,True,True,True,False,False,False,True,False,False,False,1,Low Risk,Moderate,high CPC,OK,Normal,-0.1706690585232989,unusual combination of marketing metrics
1121352,1178,144582,35-39,M,25,368986,59,100.289999,0,0,0.0159897665494083,1.6998304915254236,0.0,,True,True,False,False,True,False,True,False,False,False,3,Medium Risk,Strong,"high CPC, 10+ clicks but no approved conversions",OK,Normal,-0.13143352211150738,clicks without approved conversions
1121353,1178,144582,35-39,M,25,28194,3,3.709999919,2,0,0.0106405618216641,1.2366666396666666,0.0,,True,True,False,False,False,False,False,False,False,False,0,Low Risk,Weak,No major waste signal detected,OK,Normal,-0.1775952783379235,unusual combination of marketing metrics
1121355,1178,144583,35-39,M,26,99961,14,23.2099998,1,0,0.0140054621302307,1.6578571285714283,0.0,,True,True,False,False,True,False,True,False,False,False,3,Medium Risk,Moderate,"high CPC, 10+ clicks but no approved conversions",OK,Normal,-0.1951770376253374,clicks without approved conversions
1121359,1178,144583,35-39,M,26,7573,0,0.0,1,0,0.0,,,,False,False,False,False,False,False,False,False,False,False,0,Low Risk,Insufficient Data,No major waste signal detected,OK,Normal,-0.14107397042816633,unusual combination of marketing metrics
1121361,1178,144584,35-39,M,27,685781,103,177.8899992,10,1,0.015019372073592,1.7270873708737864,0.9708737864077668,177.8899992,True,True,True,False,False,False,True,False,True,True,3,Medium Risk,Strong,"high CPC, high CPA",OK,Normal,-0.035954535211551786,very high CPA; unusually high spend
1121364,1178,144584,35-39,M,27,274222,43,66.7700001,2,1,0.0156807258352721,1.5527907,2.3255813953488373,66.7700001,True,True,True,False,False,False,False,False,True,False,1,Low Risk,Moderate,high CPA,OK,Normal,-0.1573155878075706,unusual combination of marketing metrics
1121365,1178,144584,35-39,M,27,110503,25,32.67999995,4,0,0.0226238201677782,1.3071999980000002,0.0,,True,True,False,False,True,False,False,False,False,False,2,Medium Risk,Moderate,10+ clicks but no approved conversions,OK,Normal,-0.1645348415792638,clicks without approved conversions
1121367,1178,144585,35-39,M,28,1447755,233,420.5799983,11,8,0.0160938832882635,1.805064370386266,3.433476394849785,52.5724997875,True,True,True,False,False,False,True,True,False,False,2,Medium Risk,Strong,high CPC,OK,Anomaly,0.08007602314345597,very high CPC; unusually high spend
1121368,1178,144585,35-39,M,28,358987,52,87.55000067,1,0,0.0144852041995949,1.6836538590384615,0.0,,True,True,False,False,True,False,True,False,False,False,3,Medium Risk,Strong,"high CPC, 10+ clicks but no approved conversions",OK,Normal,-0.1480648918150433,clicks without approved conversions
1121369,1178,144585,35-39,M,28,826205,125,232.3700008,5,1,0.0151294170333028,1.8589600064,0.8,232.3700008,True,True,True,False,False,False,True,True,True,True,4,High Risk,Strong,"high CPC, high CPA",OK,Anomaly,0.0014967503681099226,very high CPC; very high CPA; unusually high spend
1121370,1178,144585,35-39,M,28,550954,84,150.1400012,3,0,0.0152462819037524,1.787380966666667,0.0,,True,True,False,False,True,False,True,True,False,False,4,High Risk,Strong,"high CPC, 10+ clicks but no approved conversions",OK,Normal,-0.0960355952865895,very high CPC; clicks without approved conversions
1121372,1178,144585,35-39,M,28,378350,55,96.48000073,4,0,0.0145368045460552,1.7541818314545454,0.0,,True,True,False,False,True,False,True,False,False,False,3,Medium Risk,Strong,"high CPC, 10+ clicks but no approved conversions",OK,Normal,-0.1305910119001636,clicks without approved conversions
1121373,1178,144586,35-39,M,29,492784,56,95.5100013,7,4,0.0113640053248482,1.7055357375,7.142857142857142,23.877500325,True,True,True,False,False,False,True,False,False,False,1,Low Risk,Strong,high CPC,OK,Normal,-0.07423111372680069,unusual combination of marketing metrics
1121374,1178,144586,35-39,M,29,327158,43,72.3100003,6,2,0.0131434964145764,1.6816279139534884,4.651162790697675,36.15500015,True,True,True,False,False,False,True,False,False,False,1,Low Risk,Moderate,high CPC,OK,Normal,-0.1350405345378785,unusual combination of marketing metrics
1121375,1178,144586,35-39,M,29,9921,0,0.0,1,0,0.0,,,,False,False,False,False,False,False,False,False,False,False,0,Low Risk,Insufficient Data,No major waste signal detected,OK,Normal,-0.1257454680652329,unusual combination of marketing metrics
1121377,1178,144586,35-39,M,29,59390,5,9.209999919,5,3,0.0084189257450749,1.8419999838,60.0,3.069999973,True,True,True,False,False,False,False,False,False,False,0,Low Risk,Weak,No major waste signal detected,OK,Normal,-0.015918866708402146,very high CPC
1121378,1178,144586,35-39,M,29,1040330,147,254.2500038,13,2,0.0141301317851066,1.729591862585034,1.3605442176870748,127.1250019,True,True,True,False,False,False,True,False,True,True,3,Medium Risk,Strong,"high CPC, high CPA",OK,Normal,-0.014459824709980751,very high CPA; unusually high spend
1121379,1178,144587,35-39,M,30,49422,6,11.17000031,1,0,0.0121403423576544,1.8616667183333333,0.0,,True,True,False,False,False,False,False,False,False,False,0,Low Risk,Weak,No major waste signal detected,OK,Normal,-0.17707641930669504,very high CPC
1121380,1178,144587,35-39,M,30,131091,18,34.23000026,3,1,0.0137309197427741,1.901666681111111,5.555555555555555,34.23000026,True,True,True,False,False,False,True,True,False,False,2,Medium Risk,Moderate,high CPC,OK,Normal,-0.14358607344528584,very high CPC
1121381,1178,144587,35-39,M,30,95691,15,25.26000011,1,1,0.0156754553719785,1.6840000073333334,6.666666666666667,25.26000011,True,True,True,False,False,False,True,False,False,False,1,Low Risk,Moderate,high CPC,OK,Normal,-0.16958885012446046,unusual combination of marketing metrics
1121390,1178,144588,35-39,M,31,15513,1,1.289999962,1,0,0.0064462064075291,1.289999962,0.0,,True,True,False,False,False,False,False,False,False,False,0,Low Risk,Weak,No major waste signal detected,OK,Normal,-0.18860409777830173,unusual combination of marketing metrics
1121391,1178,144589,35-39,M,32,382537,63,113.9900012,4,3,0.0164689951560241,1.8093650984126983,4.761904761904762,37.99666706666667,True,True,True,False,False,False,True,True,False,False,2,Medium Risk,Strong,high CPC,OK,Normal,-0.11041583499798924,very high CPC
1121394,1178,144589,35-39,M,32,461356,64,121.0999982,6,3,0.013872150790279,1.892187471875,4.6875,40.36666606666667,True,True,True,False,False,False,True,True,False,False,2,Medium Risk,Strong,high CPC,OK,Normal,-0.09448607442279117,very high CPC
1121395,1178,144589,35-39,M,32,392541,53,98.70000017,3,2,0.0135017743369482,1.8622641541509437,3.7735849056603774,49.350000085,True,True,True,False,False,False,True,True,False,False,2,Medium Risk,Strong,high CPC,OK,Normal,-0.11730968815802578,very high CPC
1121398,1178,144590,35-39,M,36,35088,5,8.800000072,1,1,0.0142498860009119,1.7600000144,20.0,8.800000072,True,True,True,False,False,False,False,False,False,False,0,Low Risk,Weak,No major waste signal detected,OK,Normal,-0.15879586210974944,unusual combination of marketing metrics
1121400,1178,144590,35-39,M,36,53933,6,9.929999948,3,1,0.0111249142454526,1.6549999913333335,16.666666666666664,9.929999948,True,True,True,False,False,False,False,False,False,False,0,Low Risk,Weak,No major waste signal detected,OK,Normal,-0.14696559726619324,unusual combination of marketing metrics
1121403,1178,144591,35-39,M,63,228861,33,53.38999939,4,2,0.0144192326346559,1.6178787693939394,6.0606060606060606,26.694999695,True,True,True,False,False,False,False,False,False,False,0,Low Risk,Moderate,No major waste signal detected,OK,Normal,-0.14348871410973868,unusual combination of marketing metrics
1121405,1178,144591,35-39,M,63,20959,2,3.769999981,1,1,0.0095424400019084,1.8849999905,50.0,3.769999981,True,True,True,False,False,False,False,False,False,False,0,Low Risk,Weak,No major waste signal detected,OK,Normal,-0.11852967553223737,very high CPC
1121410,1178,144592,35-39,M,64,24992,2,3.190000057,1,0,0.0080025608194622,1.5950000285,0.0,,True,True,False,False,False,False,False,False,False,False,0,Low Risk,Weak,No major waste signal detected,OK,Normal,-0.1955942871918132,unusual combination of marketing metrics
1121411,1178,144592,35-39,M,64,100351,15,24.17999995,2,1,0.0149475341551155,1.6119999966666667,6.666666666666667,24.17999995,True,True,True,False,False,False,False,False,False,False,0,Low Risk,Moderate,No major waste signal detected,OK,Normal,-0.1730822039026534,unusual combination of marketing metrics
1121412,1178,144592,35-39,M,64,292448,43,76.89999968,2,1,0.014703468650837,1.7883720855813952,2.3255813953488373,76.89999968,True,True,True,False,False,False,True,True,True,False,3,Medium Risk,Moderate,"high CPC, high CPA",OK,Normal,-0.13043067565856803,very high CPC
1121413,1178,144592,35-39,M,64,65060,7,14.5200001,1,1,0.0107592991085152,2.0742857285714287,14.285714285714285,14.5200001,True,True,True,False,False,False,False,False,False,False,0,Low Risk,Weak,No major waste signal detected,OK,Normal,-0.1291451559676352,very high CPC
1121414,1178,144592,35-39,M,64,133316,21,36.17000055,2,0,0.0157520477662096,1.7223809785714284,0.0,,True,True,False,False,True,False,True,False,False,False,3,Medium Risk,Moderate,"high CPC, 10+ clicks but no approved conversions",OK,Normal,-0.18320167744028681,clicks without approved conversions
1121415,1178,144593,35-39,M,65,113501,26,38.44000077,5,4,0.0229072871604655,1.478461568076923,15.384615384615383,9.6100001925,True,True,True,False,False,False,False,False,False,False,0,Low Risk,Moderate,No major waste signal detected,OK,Normal,-0.08094422337956042,unusual combination of marketing metrics
1121418,1178,144593,35-39,M,65,192810,41,61.92999995,4,3,0.0212644572376951,1.5104878036585367,7.317073170731707,20.643333316666663,True,True,True,False,False,False,False,False,False,False,0,Low Risk,Moderate,No major waste signal detected,OK,Normal,-0.11767031313173859,unusual combination of marketing metrics
1121421,1178,144594,35-39,M,2,233404,43,70.4100008,2,1,0.0184229918938835,1.6374418790697676,2.3255813953488373,70.4100008,True,True,True,False,False,False,False,False,True,False,1,Low Risk,Moderate,high CPA,OK,Normal,-0.15253817105315898,unusual combination of marketing metrics
1121422,1178,144594,35-39,M,2,128843,24,37.5999999,2,0,0.0186273216239919,1.5666666625,0.0,,True,True,False,False,True,False,False,False,False,False,2,Medium Risk,Moderate,10+ clicks but no approved conversions,OK,Normal,-0.189950097918064,clicks without approved conversions
1121423,1178,144594,35-39,M,2,63564,12,20.59000027,2,0,0.0188786105342646,1.7158333558333334,0.0,,True,True,False,False,True,False,True,False,False,False,3,Medium Risk,Moderate,"high CPC, 10+ clicks but no approved conversions",OK,Normal,-0.18712303722095847,clicks without approved conversions
1121425,1178,144594,35-39,M,2,85970,14,24.78000021,1,1,0.0162847504943584,1.770000015,7.142857142857142,24.78000021,True,True,True,False,False,False,True,False,False,False,1,Low Risk,Moderate,high CPC,OK,Normal,-0.16275239920932189,unusual combination of marketing metrics
1121428,1178,144595,35-39,M,7,131232,16,29.53999937,1,1,0.0121921482565228,1.846249960625,6.25,29.53999937,True,True,True,False,False,False,True,True,False,False,2,Medium Risk,Moderate,high CPC,OK,Normal,-0.15119464348827322,very high CPC
1121429,1178,144595,35-39,M,7,152454,22,37.84999979,1,1,0.0144305823395909,1.7204545359090908,4.545454545454546,37.84999979,True,True,True,False,False,False,True,False,False,False,1,Low Risk,Moderate,high CPC,OK,Normal,-0.16435763320139324,unusual combination of marketing metrics
1121430,1178,144595,35-39,M,7,28989,2,2.290000021,1,0,0.0068991686501776,1.1450000105,0.0,,True,True,False,False,False,False,False,False,False,False,0,Low Risk,Weak,No major waste signal detected,OK,Normal,-0.17734093004587848,unusual combination of marketing metrics
1121433,1178,144596,35-39,M,66,80248,15,24.1900003,1,1,0.018692054630645,1.6126666866666668,6.666666666666667,24.1900003,True,True,True,False,False,False,False,False,False,False,0,Low Risk,Moderate,No major waste signal detected,OK,Normal,-0.17085573254173353,unusual combination of marketing metrics
1121437,1178,144596,35-39,M,66,38580,5,8.519999981,1,0,0.0129600829445308,1.7039999962,0.0,,True,True,False,False,False,False,False,False,False,False,0,Low Risk,Weak,No major waste signal detected,OK,Normal,-0.1948870689896437,unusual combination of marketing metrics
1121439,1178,144597,40-44,M,10,621591,91,163.36,5,1,0.014639851606603,1.7951648351648353,1.098901098901099,163.36,True,True,True,False,False,False,True,True,True,True,4,High Risk,Strong,"high CPC, high CPA",OK,Normal,-0.05474654712939897,very high CPC; very high CPA; unusually high spend
1121440,1178,144597,40-44,M,10,250499,36,58.14000005,3,1,0.0143713148555483,1.6150000013888888,2.7777777777777777,58.14000005,True,True,True,False,False,False,False,False,True,False,1,Low Risk,Moderate,high CPA,OK,Normal,-0.15432099200932797,unusual combination of marketing metrics
1121442,1178,144597,40-44,M,10,131637,18,29.30999982,2,1,0.0136739670457394,1.6283333233333337,5.555555555555555,29.30999982,True,True,True,False,False,False,False,False,False,False,0,Low Risk,Moderate,No major waste signal detected,OK,Normal,-0.17531315264111696,unusual combination of marketing metrics
1121443,1178,144597,40-44,M,10,463813,69,116.3399996,4,2,0.0148766852158089,1.6860869507246377,2.898550724637681,58.1699998,True,True,True,False,False,False,True,False,True,False,2,Medium Risk,Strong,"high CPC, high CPA",OK,Normal,-0.13017901466118864,unusual combination of marketing metrics
1121444,1178,144597,40-44,M,10,211767,35,60.89999914,5,1,0.0165275987287915,1.739999975428571,2.857142857142857,60.89999914,True,True,True,False,False,False,True,False,True,False,2,Medium Risk,Moderate,"high CPC, high CPA",OK,Normal,-0.14153453138430422,unusual combination of marketing metrics
1121446,1178,144598,40-44,M,15,163181,26,40.02000093,1,1,0.0159332275203608,1.539230805,3.8461538461538463,40.02000093,True,True,True,False,False,False,False,False,False,False,0,Low Risk,Moderate,No major waste signal detected,OK,Normal,-0.17139749879612737,unusual combination of marketing metrics
1121451,1178,144599,40-44,M,16,1117385,147,260.0699984,11,2,0.0131557162482045,1.769183662585034,1.3605442176870748,130.0349992,True,True,True,False,False,False,True,False,True,True,3,Medium Risk,Strong,"high CPC, high CPA",OK,Normal,-0.0035733739355173766,very high CPA; unusually high spend
1121452,1178,144599,40-44,M,16,1663441,205,359.4700001,17,6,0.0123238515823524,1.753512195609756,2.9268292682926838,59.91166668333333,True,True,True,False,False,False,True,False,True,False,2,Medium Risk,Strong,"high CPC, high CPA",OK,Anomaly,0.06872639184954987,unusually high spend
1121453,1178,144599,40-44,M,16,455248,54,105.7099996,5,2,0.0118616666080905,1.9575925851851848,3.7037037037037033,52.8549998,True,True,True,False,False,False,True,True,False,False,2,Medium Risk,Strong,high CPC,OK,Normal,-0.09934107959188415,very high CPC
1121454,1178,144599,40-44,M,16,75589,6,10.66000009,1,1,0.0079376628874571,1.7766666816666667,16.666666666666664,10.66000009,True,True,True,False,False,False,False,False,False,False,0,Low Risk,Weak,No major waste signal detected,OK,Normal,-0.147975314385844,very high CPC
1121455,1178,144599,40-44,M,16,594267,82,143.3000009,3,2,0.0137985114435094,1.7475609865853656,2.4390243902439024,71.65000045,True,True,True,False,False,False,True,False,True,False,2,Medium Risk,Strong,"high CPC, high CPA",OK,Normal,-0.10162584247455303,unusual combination of marketing metrics
1121456,1178,144599,40-44,M,16,315281,35,65.02999854,1,0,0.0111012081286217,1.857999958285714,0.0,,True,True,False,False,True,False,True,True,False,False,4,High Risk,Moderate,"high CPC, 10+ clicks but no approved conversions",OK,Normal,-0.1348663774753061,very high CPC; clicks without approved conversions
1121464,1178,144601,40-44,M,19,363456,71,117.5599997,7,1,0.0195346892058461,1.655774643661972,1.4084507042253522,117.5599997,True,True,True,False,False,False,True,False,True,True,3,Medium Risk,Strong,"high CPC, high CPA",OK,Normal,-0.0968104815719738,very high CPA
1121466,1178,144601,40-44,M,19,438983,81,143.4300001,3,1,0.0184517395890045,1.7707407419753087,1.2345679012345678,143.4300001,True,True,True,False,False,False,True,True,True,True,4,High Risk,Strong,"high CPC, high CPA",OK,Normal,-0.07876204037392326,very high CPC; very high CPA
1121467,1178,144601,40-44,M,19,42563,5,9.659999847,1,1,0.0117472922491365,1.9319999694,20.0,9.659999847,True,True,True,False,False,False,False,False,False,False,0,Low Risk,Weak,No major waste signal detected,OK,Normal,-0.13691649284173218,very high CPC
1121469,1178,144602,40-44,M,20,399035,75,124.7999995,7,3,0.0187953437668374,1.6639999933333334,4.0,41.599999833333335,True,True,True,False,False,False,True,False,False,False,1,Low Risk,Strong,high CPC,OK,Normal,-0.10908893777177525,unusual combination of marketing metrics
1121471,1178,144602,40-44,M,20,304680,59,98.55000019,3,0,0.0193645792306682,1.6703389862711866,0.0,,True,True,False,False,True,False,True,False,False,False,3,Medium Risk,Strong,"high CPC, 10+ clicks but no approved conversions",OK,Normal,-0.1471055187076898,clicks without approved conversions
1121472,1178,144602,40-44,M,20,140596,23,40.77000022,1,0,0.0163589291302739,1.7726087052173911,0.0,,True,True,False,False,True,False,True,True,False,False,4,High Risk,Moderate,"high CPC, 10+ clicks but no approved conversions",OK,Normal,-0.17635083169340138,very high CPC; clicks without approved conversions
1121473,1178,144602,40-44,M,20,439986,80,134.8799999,4,3,0.0181823967126226,1.68599999875,3.75,44.959999966666665,True,True,True,False,False,False,True,False,False,False,1,Low Risk,Strong,high CPC,OK,Normal,-0.11327695361433016,unusual combination of marketing metrics
1121474,1178,144602,40-44,M,20,75803,11,19.3599999,2,2,0.0145112990251045,1.7599999909090909,18.181818181818183,9.67999995,True,True,True,False,False,False,True,False,False,False,1,Low Risk,Moderate,high CPC,OK,Normal,-0.13878082608672732,unusual combination of marketing metrics
1121477,1178,144603,40-44,M,21,7073,0,0.0,1,0,0.0,,,,False,False,False,False,False,False,False,False,False,False,0,Low Risk,Insufficient Data,No major waste signal detected,OK,Normal,-0.14663285754811178,unusual combination of marketing metrics
1121481,1178,144604,40-44,M,22,153586,28,43.01000035,2,0,0.0182308283307072,1.5360714410714285,0.0,,True,True,False,False,True,False,False,False,False,False,2,Medium Risk,Moderate,10+ clicks but no approved conversions,OK,Normal,-0.1846147801042034,clicks without approved conversions
1121482,1178,144604,40-44,M,22,180815,31,42.62999976,1,0,0.017144595304593,1.375161282580645,0.0,,True,True,False,False,True,False,False,False,False,False,2,Medium Risk,Moderate,10+ clicks but no approved conversions,OK,Normal,-0.1781038939148779,clicks without approved conversions
1121483,1178,144604,40-44,M,22,253169,51,75.78999984,1,0,0.0201446464614546,1.486078428235294,0.0,,True,True,False,False,True,False,False,False,False,False,2,Medium Risk,Strong,10+ clicks but no approved conversions,OK,Normal,-0.16115465044987676,clicks without approved conversions
1121484,1178,144604,40-44,M,22,34453,5,7.710000038,1,1,0.0145125243084782,1.5420000076,20.0,7.710000038,True,True,True,False,False,False,False,False,False,False,0,Low Risk,Weak,No major waste signal detected,OK,Normal,-0.17268158911916048,unusual combination of marketing metrics
1121487,1178,144605,40-44,M,23,51550,8,14.03999984,1,0,0.0155189136760426,1.75499998,0.0,,True,True,False,False,False,False,False,False,False,False,0,Low Risk,Weak,No major waste signal detected,OK,Normal,-0.18684022914908888,unusual combination of marketing metrics
1121489,1178,144605,40-44,M,23,110018,24,39.85999966,1,0,0.0218146121543747,1.6608333191666669,0.0,,True,True,False,False,True,False,True,False,False,False,3,Medium Risk,Moderate,"high CPC, 10+ clicks but no approved conversions",OK,Normal,-0.1906618650493767,clicks without approved conversions
1121493,1178,144606,40-44,M,24,137584,21,36.77999961,1,0,0.0152634027212466,1.7514285528571427,0.0,,True,True,False,False,True,False,True,False,False,False,3,Medium Risk,Moderate,"high CPC, 10+ clicks but no approved conversions",OK,Normal,-0.17829539474591788,clicks without approved conversions
1121497,1178,144606,40-44,M,24,209825,30,54.86999953,1,0,0.014297628976528,1.828999984333333,0.0,,True,True,False,False,True,False,True,True,False,False,4,High Risk,Moderate,"high CPC, 10+ clicks but no approved conversions",OK,Normal,-0.16028502654957416,very high CPC; clicks without approved conversions
1121499,1178,144607,40-44,M,25,264222,63,87.7899996,1,1,0.0238435860753457,1.393492057142857,1.5873015873015872,87.7899996,True,True,True,False,False,False,False,False,True,False,1,Low Risk,Strong,high CPA,OK,Normal,-0.11318455122652143,unusual combination of marketing metrics
1121510,1178,144608,40-44,M,26,31202,5,6.730000019,1,0,0.0160246138068072,1.3460000038,0.0,,True,True,False,False,False,False,False,False,False,False,0,Low Risk,Weak,No major waste signal detected,OK,Normal,-0.20086613181867158,unusual combination of marketing metrics
1121511,1178,144609,40-44,M,27,252991,49,76.83999932,3,0,0.01936827792293,1.5681632514285715,0.0,,True,True,False,False,True,False,False,False,False,False,2,Medium Risk,Moderate,10+ clicks but no approved conversions,OK,Normal,-0.15867930548071452,clicks without approved conversions
1121514,1178,144609,40-44,M,27,56265,9,15.53999972,1,0,0.0159957344708077,1.7266666355555556,0.0,,True,True,False,False,False,False,False,False,False,False,0,Low Risk,Weak,No major waste signal detected,OK,Normal,-0.19401293001834685,unusual combination of marketing metrics
1121523,1178,144611,40-44,M,29,76923,11,17.67000008,2,2,0.0143000143000143,1.6063636436363635,18.181818181818183,8.83500004,True,True,True,False,False,False,False,False,False,False,0,Low Risk,Moderate,No major waste signal detected,OK,Normal,-0.1449346171848177,unusual combination of marketing metrics
1121524,1178,144611,40-44,M,29,209332,30,49.60000014,3,1,0.0143313014732577,1.653333338,3.333333333333333,49.60000014,True,True,True,False,False,False,True,False,False,False,1,Low Risk,Moderate,high CPC,OK,Normal,-0.16106808825450575,unusual combination of marketing metrics
1121525,1178,144611,40-44,M,29,214094,31,53.26999903,1,0,0.0144796211010117,1.718387065483871,0.0,,True,True,False,False,True,False,True,False,False,False,3,Medium Risk,Moderate,"high CPC, 10+ clicks but no approved conversions",OK,Normal,-0.1721137683931176,clicks without approved conversions
1121526,1178,144611,40-44,M,29,526209,85,126.9299996,3,2,0.0161532775000047,1.4932941129411763,2.3529411764705883,63.4649998,True,True,True,False,False,False,False,False,True,False,1,Low Risk,Strong,high CPA,OK,Normal,-0.12398866307108297,unusual combination of marketing metrics
1121527,1178,144611,40-44,M,29,741143,120,179.620001,4,1,0.0161912073648405,1.4968333416666666,0.8333333333333334,179.620001,True,True,True,False,False,False,False,False,True,True,2,Medium Risk,Strong,high CPA,OK,Normal,-0.05857095832949388,very high CPA; unusually high spend
1121528,1178,144611,40-44,M,29,172827,25,38.42000043,2,0,0.0144653323844075,1.5368000172,0.0,,True,True,False,False,True,False,False,False,False,False,2,Medium Risk,Moderate,10+ clicks but no approved conversions,OK,Normal,-0.18462263655690186,clicks without approved conversions
1121530,1178,144612,40-44,M,30,188873,38,58.5999999,1,1,0.0201193394503184,1.5421052605263157,2.631578947368421,58.5999999,True,True,True,False,False,False,False,False,True,False,1,Low Risk,Moderate,high CPA,OK,Normal,-0.1529300868347842,unusual combination of marketing metrics
1121532,1178,144612,40-44,M,30,123126,25,39.72999978,2,1,0.0203044036190569,1.5891999912,4.0,39.72999978,True,True,True,False,False,False,False,False,False,False,0,Low Risk,Moderate,No major waste signal detected,OK,Normal,-0.17616841192140903,unusual combination of marketing metrics
1121535,1178,144613,40-44,M,31,77794,14,19.11000001,1,1,0.0179962464971591,1.3650000007142855,7.142857142857142,19.11000001,True,True,True,False,False,False,False,False,False,False,0,Low Risk,Moderate,No major waste signal detected,OK,Normal,-0.17645048189393964,unusual combination of marketing metrics
1121541,1178,144614,40-44,M,32,56630,9,15.81000018,1,1,0.0158926364117958,1.7566666866666667,11.11111111111111,15.81000018,True,True,True,False,False,False,False,False,False,False,0,Low Risk,Weak,No major waste signal detected,OK,Normal,-0.16425224123536225,unusual combination of marketing metrics
1121544,1178,144614,40-44,M,32,400844,85,140.9700022,4,2,0.0212052569079242,1.6584706141176473,2.3529411764705883,70.4850011,True,True,True,False,False,False,True,False,True,False,2,Medium Risk,Strong,"high CPC, high CPA",OK,Normal,-0.11434105956806423,unusual combination of marketing metrics
1121545,1178,144614,40-44,M,32,208572,36,60.76000023,2,1,0.0172602266843104,1.6877777841666668,2.7777777777777777,60.76000023,True,True,True,False,False,False,True,False,True,False,2,Medium Risk,Moderate,"high CPC, high CPA",OK,Normal,-0.15391646041073515,unusual combination of marketing metrics
1121548,1178,144615,40-44,M,36,59004,8,13.51000011,1,0,0.0135584028201477,1.68875001375,0.0,,True,True,False,False,False,False,False,False,False,False,0,Low Risk,Weak,No major waste signal detected,OK,Normal,-0.19557170218966913,unusual combination of marketing metrics
1121551,1178,144615,40-44,M,36,196253,32,55.10000002,1,0,0.0163054832282818,1.721875000625,0.0,,True,True,False,False,True,False,True,False,False,False,3,Medium Risk,Moderate,"high CPC, 10+ clicks but no approved conversions",OK,Normal,-0.17344035244903488,clicks without approved conversions
1121554,1178,144616,40-44,M,63,51858,8,12.63000011,1,1,0.0154267422577037,1.57875001375,12.5,12.63000011,True,True,True,False,False,False,False,False,False,False,0,Low Risk,Weak,No major waste signal detected,OK,Normal,-0.17423437216158866,unusual combination of marketing metrics
1121557,1178,144616,40-44,M,63,280764,49,81.36000025,2,1,0.0174523799347494,1.6604081683673468,2.0408163265306123,81.36000025,True,True,True,False,False,False,True,False,True,False,2,Medium Risk,Moderate,"high CPC, high CPA",OK,Normal,-0.13866433205870793,unusual combination of marketing metrics
1121561,1178,144617,40-44,M,64,63660,11,16.47000003,1,1,0.0172792962613886,1.4972727300000002,9.090909090909092,16.47000003,True,True,True,False,False,False,False,False,False,False,0,Low Risk,Moderate,No major waste signal detected,OK,Normal,-0.17624644273646145,unusual combination of marketing metrics
1121562,1178,144617,40-44,M,64,109289,19,31.02999997,1,0,0.0173850982258049,1.6331578931578947,0.0,,True,True,False,False,True,False,False,False,False,False,2,Medium Risk,Moderate,10+ clicks but no approved conversions,OK,Normal,-0.19464474602857862,clicks without approved conversions
1121568,1178,144618,40-44,M,65,188440,40,60.72999966,2,1,0.0212269157291445,1.5182499914999998,2.5,60.72999966,True,True,True,False,False,False,False,False,True,False,1,Low Risk,Moderate,high CPA,OK,Normal,-0.15776541854667187,unusual combination of marketing metrics
1121571,1178,144619,40-44,M,2,212496,44,74.83000135,2,1,0.0207062721180634,1.7006818488636364,2.272727272727273,74.83000135,True,True,True,False,False,False,True,False,True,False,2,Medium Risk,Moderate,"high CPC, high CPA",OK,Normal,-0.13941800382397185,unusual combination of marketing metrics
1121572,1178,144619,40-44,M,2,32574,5,7.480000019,1,0,0.0153496653772947,1.4960000038,0.0,,True,True,False,False,False,False,False,False,False,False,0,Low Risk,Weak,No major waste signal detected,OK,Normal,-0.2038558729699237,unusual combination of marketing metrics
1121575,1178,144619,40-44,M,2,128595,23,36.4800005,1,1,0.0178856098604144,1.5860869782608698,4.3478260869565215,36.4800005,True,True,True,False,False,False,False,False,False,False,0,Low Risk,Moderate,No major waste signal detected,OK,Normal,-0.17523582814810773,unusual combination of marketing metrics
1121577,1178,144620,40-44,M,7,242234,48,68.06000054,2,0,0.019815550253061,1.4179166779166668,0.0,,True,True,False,False,True,False,False,False,False,False,2,Medium Risk,Moderate,10+ clicks but no approved conversions,OK,Normal,-0.16509455581064225,clicks without approved conversions
1121584,1178,144621,40-44,M,66,33154,5,7.879999995,1,1,0.0150811365144477,1.575999999,20.0,7.879999995,True,True,True,False,False,False,False,False,False,False,0,Low Risk,Weak,No major waste signal detected,OK,Normal,-0.17243700287558572,unusual combination of marketing metrics
1121585,1178,144621,40-44,M,66,9773,1,1.460000038,1,0,0.0102322725877417,1.460000038,0.0,,True,True,False,False,False,False,False,False,False,False,0,Low Risk,Weak,No major waste signal detected,OK,Normal,-0.20135006376391462,unusual combination of marketing metrics
1121589,1178,144622,45-49,M,10,464036,77,123.5500004,3,1,0.0165935401563671,1.6045454597402595,1.2987012987012987,123.5500004,True,True,True,False,False,False,False,False,True,True,2,Medium Risk,Strong,high CPA,OK,Normal,-0.10076736978214951,very high CPA
1121590,1178,144622,45-49,M,10,478480,75,135.7500012,3,1,0.0156746363484367,1.8100000160000005,1.3333333333333337,135.7500012,True,True,True,False,False,False,True,True,True,True,4,High Risk,Strong,"high CPC, high CPA",OK,Normal,-0.07792879102634431,very high CPC; very high CPA
1121592,1178,144622,45-49,M,10,428812,66,116.8800001,4,2,0.015391360316409,1.7709090924242423,3.0303030303030303,58.44000005,True,True,True,False,False,False,True,True,True,False,3,Medium Risk,Strong,"high CPC, high CPA",OK,Normal,-0.12569974562799036,very high CPC
1121593,1178,144622,45-49,M,10,1177535,221,365.6600009,15,3,0.0187680196342359,1.6545701398190045,1.3574660633484164,121.88666696666668,True,True,True,False,False,False,True,False,True,True,3,Medium Risk,Strong,"high CPC, high CPA",OK,Anomaly,0.0369956250902822,very high CPA; unusually high spend
1121594,1178,144622,45-49,M,10,426500,72,128.2799988,4,1,0.0168815943728018,1.7816666499999998,1.3888888888888888,128.2799988,True,True,True,False,False,False,True,True,True,True,4,High Risk,Strong,"high CPC, high CPA",OK,Normal,-0.09400427790171223,very high CPC; very high CPA
1121597,1178,144623,45-49,M,15,54237,7,10.77999985,2,1,0.0129063185648173,1.5399999785714285,14.285714285714285,10.77999985,True,True,True,False,False,False,False,False,False,False,0,Low Risk,Weak,No major waste signal detected,OK,Normal,-0.16682365363235685,unusual combination of marketing metrics
1121598,1178,144623,45-49,M,15,506916,89,133.6999986,2,2,0.0175571495080052,1.5022471752808988,2.247191011235955,66.8499993,True,True,True,False,False,False,False,False,True,False,1,Low Risk,Strong,high CPA,OK,Normal,-0.11867398289000747,unusual combination of marketing metrics
1121599,1178,144623,45-49,M,15,250960,42,64.87999952,2,0,0.0167357347784507,1.5447618933333334,0.0,,True,True,False,False,True,False,False,False,False,False,2,Medium Risk,Moderate,10+ clicks but no approved conversions,OK,Normal,-0.1726381348023755,clicks without approved conversions
1121601,1178,144624,45-49,M,16,2286228,353,603.380002,16,7,0.0154402797971155,1.7092917903682718,1.9830028328611895,86.19714314285714,True,True,True,False,False,False,True,False,True,False,2,Medium Risk,Strong,"high CPC, high CPA",OK,Anomaly,0.1411174976635705,unusually high spend
1121602,1178,144624,45-49,M,16,915451,125,220.559999,6,1,0.013654471948799,1.764479992,0.8,220.559999,True,True,True,False,False,False,True,False,True,True,3,Medium Risk,Strong,"high CPC, high CPA",OK,Normal,-0.008791961923210412,very high CPA; unusually high spend
1121603,1178,144624,45-49,M,16,159478,20,33.89999998,3,1,0.0125409147343207,1.6949999989999998,5.0,33.89999998,True,True,True,False,False,False,True,False,False,False,1,Low Risk,Moderate,high CPC,OK,Normal,-0.1606225241990189,unusual combination of marketing metrics
1121605,1178,144624,45-49,M,16,1228924,190,318.9700032,6,3,0.0154606794236258,1.678789490526316,1.5789473684210529,106.3233344,True,True,True,False,False,False,True,False,True,True,3,Medium Risk,Strong,"high CPC, high CPA",OK,Anomaly,0.011426325739435472,very high CPA; unusually high spend
1121606,1178,144624,45-49,M,16,938283,134,248.6400001,7,2,0.0142814055034568,1.8555223888059704,1.4925373134328357,124.32000005,True,True,True,False,False,False,True,True,True,True,4,High Risk,Strong,"high CPC, high CPA",OK,Normal,-0.02523509251182865,very high CPC; very high CPA; unusually high spend
1121607,1178,144625,45-49,M,18,154572,26,40.93000007,1,1,0.0168206402194446,1.5742307719230768,3.8461538461538463,40.93000007,True,True,True,False,False,False,False,False,False,False,0,Low Risk,Moderate,No major waste signal detected,OK,Normal,-0.16771325938739917,unusual combination of marketing metrics
1121609,1178,144625,45-49,M,18,378171,70,109.2500008,1,0,0.0185101448815482,1.5607142971428571,0.0,,True,True,False,False,True,False,False,False,False,False,2,Medium Risk,Strong,10+ clicks but no approved conversions,OK,Normal,-0.14033263863791617,clicks without approved conversions
1121612,1178,144625,45-49,M,18,468749,84,134.1199975,6,1,0.0179200382294148,1.596666636904762,1.1904761904761905,134.1199975,True,True,True,False,False,False,False,False,True,True,2,Medium Risk,Strong,high CPA,OK,Normal,-0.09115622766600007,very high CPA
1121613,1178,144626,45-49,M,19,309823,60,103.3899996,4,4,0.0193658960115937,1.72316666,6.666666666666667,25.8474999,True,True,True,False,False,False,True,False,False,False,1,Low Risk,Strong,high CPC,OK,Normal,-0.09323568910214364,unusual combination of marketing metrics
1121615,1178,144626,45-49,M,19,327227,65,116.5599996,5,0,0.0198638865374801,1.793230763076923,0.0,,True,True,False,False,True,False,True,True,False,False,4,High Risk,Strong,"high CPC, 10+ clicks but no approved conversions",OK,Normal,-0.11643573310007865,very high CPC; clicks without approved conversions
1121616,1178,144626,45-49,M,19,334945,72,120.2999994,2,1,0.0214960665183836,1.670833325,1.3888888888888888,120.2999994,True,True,True,False,False,False,True,False,True,True,3,Medium Risk,Strong,"high CPC, high CPA",OK,Normal,-0.09710159405204738,very high CPA
1121617,1178,144626,45-49,M,19,68859,15,25.45999968,1,0,0.0217836448394545,1.697333312,0.0,,True,True,False,False,True,False,True,False,False,False,3,Medium Risk,Moderate,"high CPC, 10+ clicks but no approved conversions",OK,Normal,-0.1931634044685116,clicks without approved conversions
1121619,1178,144627,45-49,M,20,127125,20,35.67999983,2,0,0.015732546705998,1.7839999915,0.0,,True,True,False,False,True,False,True,True,False,False,4,High Risk,Moderate,"high CPC, 10+ clicks but no approved conversions",OK,Normal,-0.1747699523708014,very high CPC; clicks without approved conversions
1121620,1178,144627,45-49,M,20,415798,80,131.7800006,3,1,0.0192401117850494,1.6472500074999998,1.25,131.7800006,True,True,True,False,False,False,True,False,True,True,3,Medium Risk,Strong,"high CPC, high CPA",OK,Normal,-0.09502157038119374,very high CPA
1121622,1178,144627,45-49,M,20,107671,20,29.91000021,1,1,0.0185751037883924,1.4955000105,5.0,29.91000021,True,True,True,False,False,False,False,False,False,False,0,Low Risk,Moderate,No major waste signal detected,OK,Normal,-0.17707007460927648,unusual combination of marketing metrics
1121623,1178,144627,45-49,M,20,164356,28,46.7900002,2,1,0.0170361897344788,1.6710714357142855,3.571428571428571,46.7900002,True,True,True,False,False,False,True,False,False,False,1,Low Risk,Moderate,high CPC,OK,Normal,-0.16104748432292465,unusual combination of marketing metrics
1121624,1178,144627,45-49,M,20,17662,2,3.189999938,1,0,0.0113237458951421,1.594999969,0.0,,True,True,False,False,False,False,False,False,False,False,0,Low Risk,Weak,No major waste signal detected,OK,Normal,-0.19991560598848773,unusual combination of marketing metrics
1121627,1178,144628,45-49,M,21,65339,10,16.67999983,2,0,0.015304794992271,1.667999983,0.0,,True,True,False,False,True,False,True,False,False,False,3,Medium Risk,Moderate,"high CPC, 10+ clicks but no approved conversions",OK,Normal,-0.19222690377921686,clicks without approved conversions
1121628,1178,144628,45-49,M,21,59838,7,11.11000013,1,0,0.0116982519469233,1.5871428757142856,0.0,,True,True,False,False,False,False,False,False,False,False,0,Low Risk,Weak,No major waste signal detected,OK,Normal,-0.19510107390930415,unusual combination of marketing metrics
1121629,1178,144628,45-49,M,21,381577,81,127.5699993,2,0,0.0212276945413376,1.5749382629629631,0.0,,True,True,False,False,True,False,False,False,False,False,2,Medium Risk,Strong,10+ clicks but no approved conversions,OK,Normal,-0.1274213611697707,clicks without approved conversions
1121635,1178,144629,45-49,M,22,45491,8,11.00999999,1,0,0.0175858961113187,1.37624999875,0.0,,True,True,False,False,False,False,False,False,False,False,0,Low Risk,Weak,No major waste signal detected,OK,Normal,-0.19684906940084707,unusual combination of marketing metrics
1121638,1178,144630,45-49,M,23,18946,2,3.599999905,1,0,0.0105563179562968,1.7999999525,0.0,,True,True,False,False,False,False,False,False,False,False,0,Low Risk,Weak,No major waste signal detected,OK,Normal,-0.18383388905729525,very high CPC
1121641,1178,144630,45-49,M,23,114370,18,33.65999997,1,0,0.0157383929352102,1.8699999983333333,0.0,,True,True,False,False,True,False,True,True,False,False,4,High Risk,Moderate,"high CPC, 10+ clicks but no approved conversions",OK,Normal,-0.17375827724849024,very high CPC; clicks without approved conversions
1121642,1178,144630,45-49,M,23,99698,21,33.3499999,1,0,0.0210636121085678,1.5880952333333334,0.0,,True,True,False,False,True,False,False,False,False,False,2,Medium Risk,Moderate,10+ clicks but no approved conversions,OK,Normal,-0.1954708872847244,clicks without approved conversions
1121644,1178,144631,45-49,M,24,355165,81,128.6099997,4,3,0.0228063012965804,1.5877777740740742,3.7037037037037033,42.8699999,True,True,True,False,False,False,False,False,False,False,0,Low Risk,Strong,No major waste signal detected,OK,Normal,-0.10760818681053946,unusual combination of marketing metrics
1121650,1178,144632,45-49,M,25,101431,23,33.93000031,1,1,0.0226755134032002,1.4752174047826083,4.3478260869565215,33.93000031,True,True,True,False,False,False,False,False,False,False,0,Low Risk,Moderate,No major waste signal detected,OK,Normal,-0.1714039909767856,unusual combination of marketing metrics
1121652,1178,144632,45-49,M,25,123151,24,36.4400003,2,1,0.0194882704971945,1.5183333458333337,4.166666666666666,36.4400003,True,True,True,False,False,False,False,False,False,False,0,Low Risk,Moderate,No major waste signal detected,OK,Normal,-0.17869853580483758,unusual combination of marketing metrics
1121660,1178,144633,45-49,M,26,24078,4,5.769999981,1,0,0.0166126754713846,1.44249999525,0.0,,True,True,False,False,False,False,False,False,False,False,0,Low Risk,Weak,No major waste signal detected,OK,Normal,-0.20819735675062417,unusual combination of marketing metrics
1121661,1178,144634,45-49,M,27,517801,105,181.7200011,3,0,0.02027806049042,1.7306666771428572,0.0,,True,True,False,False,True,False,True,False,False,False,3,Medium Risk,Strong,"high CPC, 10+ clicks but no approved conversions",OK,Normal,-0.09464133524521984,unusually high spend; clicks without approved conversions
1121662,1178,144634,45-49,M,27,145104,25,41.42000008,2,1,0.0172290219428823,1.6568000032,4.0,41.42000008,True,True,True,False,False,False,True,False,False,False,1,Low Risk,Moderate,high CPC,OK,Normal,-0.16797026180799485,unusual combination of marketing metrics
1121664,1178,144634,45-49,M,27,179950,35,58.67999971,1,0,0.0194498471797721,1.6765714202857145,0.0,,True,True,False,False,True,False,True,False,False,False,3,Medium Risk,Moderate,"high CPC, 10+ clicks but no approved conversions",OK,Normal,-0.17530877132176648,clicks without approved conversions
1121665,1178,144634,45-49,M,27,258531,46,80.33999979,2,0,0.0177928372226154,1.7465217345652173,0.0,,True,True,False,False,True,False,True,False,False,False,3,Medium Risk,Moderate,"high CPC, 10+ clicks but no approved conversions",OK,Normal,-0.1534889316702116,clicks without approved conversions
1121666,1178,144634,45-49,M,27,272500,62,104.4599996,3,0,0.0227522935779816,1.6848387032258063,0.0,,True,True,False,False,True,False,True,False,False,False,3,Medium Risk,Strong,"high CPC, 10+ clicks but no approved conversions",OK,Normal,-0.13829906688105553,clicks without approved conversions
1121667,1178,144635,45-49,M,28,273197,57,87.7300005,3,0,0.020864065125166,1.5391228157894736,0.0,,True,True,False,False,True,False,False,False,False,False,2,Medium Risk,Strong,10+ clicks but no approved conversions,OK,Normal,-0.155712677203868,clicks without approved conversions
1121668,1178,144635,45-49,M,28,775904,172,253.990002,4,2,0.0221676908483523,1.476686058139535,1.162790697674419,126.995001,True,True,True,False,False,False,False,False,True,True,2,Medium Risk,Strong,high CPA,OK,Normal,-0.045757129574012234,very high CPA; unusually high spend
1121669,1178,144635,45-49,M,28,120251,26,39.44000006,1,0,0.0216214418175316,1.5169230792307693,0.0,,True,True,False,False,True,False,False,False,False,False,2,Medium Risk,Moderate,10+ clicks but no approved conversions,OK,Normal,-0.19421166373980187,clicks without approved conversions
1121671,1178,144635,45-49,M,28,139406,24,39.04999948,1,0,0.0172159017545873,1.6270833116666663,0.0,,True,True,False,False,True,False,False,False,False,False,2,Medium Risk,Moderate,10+ clicks but no approved conversions,OK,Normal,-0.1877366208396164,clicks without approved conversions
1121672,1178,144635,45-49,M,28,60314,11,16.93999958,2,1,0.018237888384123,1.5399999618181817,9.090909090909092,16.93999958,True,True,True,False,False,False,False,False,False,False,0,Low Risk,Moderate,No major waste signal detected,OK,Normal,-0.17978127568641367,unusual combination of marketing metrics
1121673,1178,144636,45-49,M,29,563074,86,142.7099985,4,2,0.015273303331356,1.6594185872093024,2.3255813953488373,71.35499925,True,True,True,False,False,False,True,False,True,False,2,Medium Risk,Strong,"high CPC, high CPA",OK,Normal,-0.11260946675062705,unusual combination of marketing metrics
1121674,1178,144636,45-49,M,29,168655,18,27.29999983,2,0,0.0106726749874003,1.5166666572222225,0.0,,True,True,False,False,True,False,False,False,False,False,2,Medium Risk,Moderate,10+ clicks but no approved conversions,OK,Normal,-0.18156193912602364,clicks without approved conversions
1121675,1178,144636,45-49,M,29,111963,17,29.3799994,2,1,0.0151835874351348,1.7282352588235297,5.88235294117647,29.3799994,True,True,True,False,False,False,True,False,False,False,1,Low Risk,Moderate,high CPC,OK,Normal,-0.16857024126891895,unusual combination of marketing metrics
1121676,1178,144636,45-49,M,29,1026304,168,277.5799986,17,8,0.0163694188076827,1.6522618964285716,4.761904761904762,34.697499825,True,True,True,False,False,False,True,False,False,False,1,Low Risk,Strong,high CPC,OK,Anomaly,0.023188967708932084,unusually high spend
1121677,1178,144636,45-49,M,29,1391924,258,422.8400038,17,10,0.0185354947540239,1.6389147434108526,3.875968992248062,42.28400038,True,True,True,False,False,False,False,False,False,False,0,Low Risk,Strong,No major waste signal detected,OK,Anomaly,0.09346294123577492,unusually high spend
1121678,1178,144636,45-49,M,29,147551,22,38.50000083,1,0,0.0149100988810648,1.7500000377272726,0.0,,True,True,False,False,True,False,True,False,False,False,3,Medium Risk,Moderate,"high CPC, 10+ clicks but no approved conversions",OK,Normal,-0.1763591534550037,clicks without approved conversions
1121685,1178,144638,45-49,M,31,66794,9,17.3299998,1,1,0.013474264155463,1.9255555333333327,11.11111111111111,17.3299998,True,True,True,False,False,False,False,False,False,False,0,Low Risk,Weak,No major waste signal detected,OK,Normal,-0.1499495724495823,very high CPC
1121687,1178,144638,45-49,M,31,118882,19,32.30999994,2,1,0.0159822344846149,1.7005263126315788,5.263157894736842,32.30999994,True,True,True,False,False,False,True,False,False,False,1,Low Risk,Moderate,high CPC,OK,Normal,-0.1707620757678165,unusual combination of marketing metrics
1121689,1178,144638,45-49,M,31,148010,24,41.96999943,1,0,0.0162151205999594,1.74874997625,0.0,,True,True,False,False,True,False,True,False,False,False,3,Medium Risk,Moderate,"high CPC, 10+ clicks but no approved conversions",OK,Normal,-0.17597900973634084,clicks without approved conversions
1121691,1178,144639,45-49,M,32,932890,197,352.4499989,3,1,0.0211171735145622,1.7890862888324874,0.5076142131979695,352.4499989,True,True,True,False,False,False,True,True,True,True,4,High Risk,Strong,"high CPC, high CPA",OK,Anomaly,0.0676570761509101,very high CPC; very high CPA; unusually high spend
1121692,1178,144639,45-49,M,32,718359,147,264.5899997,4,1,0.020463305951481,1.7999319707482997,0.6802721088435374,264.5899997,True,True,True,False,False,False,True,True,True,True,4,High Risk,Strong,"high CPC, high CPA",OK,Anomaly,0.0196980951050153,very high CPC; very high CPA; unusually high spend
1121693,1178,144639,45-49,M,32,433658,82,158.5999998,5,2,0.0189089097860526,1.9341463390243905,2.4390243902439024,79.2999999,True,True,True,False,False,False,True,True,True,False,3,Medium Risk,Strong,"high CPC, high CPA",OK,Normal,-0.08068607101976966,very high CPC
1121695,1178,144639,45-49,M,32,29455,3,4.769999981,1,0,0.010185028008827,1.5899999936666669,0.0,,True,True,False,False,False,False,False,False,False,False,0,Low Risk,Weak,No major waste signal detected,OK,Normal,-0.19768279080231682,unusual combination of marketing metrics
1121701,1178,144640,45-49,M,36,23973,3,4.820000052,1,1,0.0125140783381303,1.606666684,33.33333333333333,4.820000052,True,True,True,False,False,False,False,False,False,False,0,Low Risk,Weak,No major waste signal detected,OK,Normal,-0.15150379243912881,unusual combination of marketing metrics
1121705,1178,144641,45-49,M,63,126480,25,37.25999999,1,1,0.0197659709044908,1.4903999996,4.0,37.25999999,True,True,True,False,False,False,False,False,False,False,0,Low Risk,Moderate,No major waste signal detected,OK,Normal,-0.1730184738161702,unusual combination of marketing metrics
1121706,1178,144641,45-49,M,63,138959,28,39.5200007,1,0,0.0201498283666405,1.411428596428571,0.0,,True,True,False,False,True,False,False,False,False,False,2,Medium Risk,Moderate,10+ clicks but no approved conversions,OK,Normal,-0.1868798640499998,clicks without approved conversions
1121708,1178,144641,45-49,M,63,68829,12,19.47999978,1,0,0.0174345116157433,1.623333315,0.0,,True,True,False,False,True,False,False,False,False,False,2,Medium Risk,Moderate,10+ clicks but no approved conversions,OK,Normal,-0.19728368401956647,clicks without approved conversions
1121711,1178,144642,45-49,M,64,49916,10,16.38,1,1,0.0200336565429922,1.638,10.0,16.38,True,True,True,False,False,False,False,False,False,False,0,Low Risk,Moderate,No major waste signal detected,OK,Normal,-0.17344016982944271,unusual combination of marketing metrics
1121716,1178,144643,45-49,M,65,76014,16,22.67000031,1,1,0.0210487541768621,1.416875019375,6.25,22.67000031,True,True,True,False,False,False,False,False,False,False,0,Low Risk,Moderate,No major waste signal detected,OK,Normal,-0.17445299152588017,unusual combination of marketing metrics
1121723,1178,144644,45-49,M,2,50947,10,15.99000025,1,0,0.0196282411133138,1.599000025,0.0,,True,True,False,False,True,False,False,False,False,False,2,Medium Risk,Moderate,10+ clicks but no approved conversions,OK,Normal,-0.20001946729642306,clicks without approved conversions
1121733,1178,144646,45-49,M,66,55536,11,17.04999995,1,0,0.019806972054163,1.5499999954545454,0.0,,True,True,False,False,True,False,False,False,False,False,2,Medium Risk,Moderate,10+ clicks but no approved conversions,OK,Normal,-0.20154929099682728,clicks without approved conversions
1121741,1178,144647,30-34,F,10,318042,46,64.40999997,8,4,0.0144634985316404,1.400217390652174,8.695652173913043,16.1024999925,True,True,True,False,False,False,False,False,False,False,0,Low Risk,Moderate,No major waste signal detected,OK,Normal,-0.07095585401676635,unusual combination of marketing metrics
1121742,1178,144647,30-34,F,10,213016,30,44.21999955,8,2,0.0140834491305817,1.4739999849999998,6.666666666666667,22.109999775,True,True,True,False,False,False,False,False,False,False,0,Low Risk,Moderate,No major waste signal detected,OK,Normal,-0.11011505239317454,unusual combination of marketing metrics
1121745,1178,144648,30-34,F,15,182265,27,38.18000007,2,1,0.0148135955888404,1.4140740766666666,3.7037037037037033,38.18000007,True,True,True,False,False,False,False,False,False,False,0,Low Risk,Moderate,No major waste signal detected,OK,Normal,-0.17263239797650887,unusual combination of marketing metrics
1121746,1178,144648,30-34,F,15,1117371,177,268.050002,26,5,0.0158407547716917,1.514406790960452,2.824858757062147,53.6100004,True,True,True,False,False,False,False,False,False,False,0,Low Risk,Strong,No major waste signal detected,OK,Anomaly,0.026923850143294903,unusually high spend
1121749,1178,144648,30-34,F,15,333345,52,77.59000027,5,1,0.0155994540191093,1.4921153898076924,1.9230769230769231,77.59000027,True,True,True,False,False,False,False,False,True,False,1,Low Risk,Strong,high CPA,OK,Normal,-0.13346908743059932,unusual combination of marketing metrics
1121751,1178,144649,30-34,F,16,275930,30,46.77999997,5,2,0.0108723226905374,1.5593333323333334,6.666666666666667,23.389999985,True,True,True,False,False,False,False,False,False,False,0,Low Risk,Moderate,No major waste signal detected,OK,Normal,-0.1354030097570329,unusual combination of marketing metrics
1121753,1178,144649,30-34,F,16,740631,101,153.1199975,9,1,0.013637020324561,1.5160395792079209,0.99009900990099,153.1199975,True,True,True,False,False,False,False,False,True,True,2,Medium Risk,Strong,high CPA,OK,Normal,-0.05843705919014952,very high CPA
1121754,1178,144649,30-34,F,16,328272,35,55.99000025,2,1,0.0106618901398839,1.5997142928571428,2.857142857142857,55.99000025,True,True,True,False,False,False,False,False,True,False,1,Low Risk,Moderate,high CPA,OK,Normal,-0.14522669913563557,unusual combination of marketing metrics
1121755,1178,144649,30-34,F,16,178455,20,31.5400002,6,3,0.0112073071642711,1.57700001,15.0,10.5133334,True,True,True,False,False,False,False,False,False,False,0,Low Risk,Moderate,No major waste signal detected,OK,Normal,-0.09858072309969296,unusual combination of marketing metrics
1121756,1178,144649,30-34,F,16,705712,98,147.339999,6,1,0.0138866846532296,1.5034693775510204,1.020408163265306,147.339999,True,True,True,False,False,False,False,False,True,True,2,Medium Risk,Strong,high CPA,OK,Normal,-0.07330541629088444,very high CPA
1121758,1178,144650,30-34,F,18,690373,91,159.5700021,5,2,0.0131812802644367,1.7535165065934066,2.197802197802198,79.78500105,True,True,True,False,False,False,True,False,True,False,2,Medium Risk,Strong,"high CPC, high CPA",OK,Normal,-0.08986748312023729,unusual combination of marketing metrics
1121759,1178,144650,30-34,F,18,515812,69,117.6299995,3,1,0.013376966801858,1.7047826014492753,1.4492753623188406,117.6299995,True,True,True,False,False,False,True,False,True,True,3,Medium Risk,Strong,"high CPC, high CPA",OK,Normal,-0.09912819093049119,very high CPA
1121760,1178,144650,30-34,F,18,764793,101,171.9799976,4,2,0.0132061878181416,1.7027722534653464,1.98019801980198,85.9899988,True,True,True,False,False,False,True,False,True,False,2,Medium Risk,Strong,"high CPC, high CPA",OK,Normal,-0.08713166626420843,unusually high spend
1121763,1178,144651,30-34,F,19,87832,11,18.10000038,1,1,0.0125239092813553,1.64545458,9.090909090909092,18.10000038,True,True,True,False,False,False,True,False,False,False,1,Low Risk,Moderate,high CPC,OK,Normal,-0.172302343673003,unusual combination of marketing metrics
1121764,1178,144651,30-34,F,19,23368,3,4.300000191,1,0,0.0128380691543991,1.433333397,0.0,,True,True,False,False,False,False,False,False,False,False,0,Low Risk,Weak,No major waste signal detected,OK,Normal,-0.2063844188303698,unusual combination of marketing metrics
1121765,1178,144651,30-34,F,19,51509,7,11.57000005,1,0,0.0135898580830534,1.6528571500000002,0.0,,True,True,False,False,False,False,False,False,False,False,0,Low Risk,Weak,No major waste signal detected,OK,Normal,-0.19508501929303662,unusual combination of marketing metrics
1121767,1178,144651,30-34,F,19,87043,16,24.48000002,2,0,0.0183817193800765,1.53000000125,0.0,,True,True,False,False,True,False,False,False,False,False,2,Medium Risk,Moderate,10+ clicks but no approved conversions,OK,Normal,-0.19458072239957536,clicks without approved conversions
1121768,1178,144651,30-34,F,19,565565,113,169.6699982,7,4,0.0199800199800199,1.5015044088495575,3.5398230088495577,42.41749955,True,True,True,False,False,False,False,False,False,False,0,Low Risk,Strong,No major waste signal detected,OK,Normal,-0.08184345299525442,unusually high spend
1121769,1178,144652,30-34,F,20,253758,43,62.14000034,4,1,0.0169452785724982,1.4451162869767442,2.3255813953488373,62.14000034,True,True,True,False,False,False,False,False,True,False,1,Low Risk,Moderate,high CPA,OK,Normal,-0.15159187923054718,unusual combination of marketing metrics
1121773,1178,144652,30-34,F,20,319131,51,76.68000025,6,1,0.0159808981264747,1.5035294166666668,1.96078431372549,76.68000025,True,True,True,False,False,False,False,False,True,False,1,Low Risk,Strong,high CPA,OK,Normal,-0.12751358223963438,unusual combination of marketing metrics
1121774,1178,144652,30-34,F,20,670608,130,195.1499978,11,3,0.0193853935533128,1.5011538292307691,2.307692307692308,65.04999926666666,True,True,True,False,False,False,False,False,True,False,1,Low Risk,Strong,high CPA,OK,Normal,-0.06527001318687176,unusually high spend
1121775,1178,144653,30-34,F,21,159123,25,38.36000013,5,3,0.0157111165576315,1.5344000052000002,12.0,12.78666671,True,True,True,False,False,False,False,False,False,False,0,Low Risk,Moderate,No major waste signal detected,OK,Normal,-0.11911118374007901,unusual combination of marketing metrics
1121776,1178,144653,30-34,F,21,103709,15,24.56999969,3,1,0.0144635470402761,1.6379999793333333,6.666666666666667,24.56999969,True,True,True,False,False,False,False,False,False,False,0,Low Risk,Moderate,No major waste signal detected,OK,Normal,-0.16229596128092266,unusual combination of marketing metrics
1121779,1178,144653,30-34,F,21,271589,45,74.41000032,9,3,0.0165691541262716,1.6535555626666665,6.666666666666667,24.80333344,True,True,True,False,False,False,True,False,False,False,1,Low Risk,Moderate,high CPC,OK,Normal,-0.09563235528057917,unusual combination of marketing metrics
1121780,1178,144653,30-34,F,21,119772,20,33.46999907,5,2,0.0166983936145342,1.6734999535,10.0,16.734999535,True,True,True,False,False,False,True,False,False,False,1,Low Risk,Moderate,high CPC,OK,Normal,-0.13012032868650653,unusual combination of marketing metrics
1121782,1178,144654,30-34,F,22,26340,3,4.220000029,1,1,0.0113895216400911,1.4066666763333335,33.33333333333333,4.220000029,True,True,True,False,False,False,False,False,False,False,0,Low Risk,Weak,No major waste signal detected,OK,Normal,-0.15061496233324556,unusual combination of marketing metrics
1121783,1178,144654,30-34,F,22,594968,111,147.6700006,4,0,0.0186564655578115,1.330360365765766,0.0,,True,True,False,False,True,False,False,False,False,False,2,Medium Risk,Strong,10+ clicks but no approved conversions,OK,Normal,-0.0949056768084987,clicks without approved conversions
1121791,1178,144655,30-34,F,23,6838,0,0.0,1,0,0.0,,,,False,False,False,False,False,False,False,False,False,False,0,Low Risk,Insufficient Data,No major waste signal detected,OK,Normal,-0.14751849012397733,unusual combination of marketing metrics
1121793,1178,144656,30-34,F,24,185665,39,62.14000058,1,0,0.0210055745563245,1.5933333482051282,0.0,,True,True,False,False,True,False,False,False,False,False,2,Medium Risk,Moderate,10+ clicks but no approved conversions,OK,Normal,-0.17309059346099714,clicks without approved conversions
1121795,1178,144656,30-34,F,24,24959,3,4.560000062,1,1,0.0120197123282182,1.5200000206666668,33.33333333333333,4.560000062,True,True,True,False,False,False,False,False,False,False,0,Low Risk,Weak,No major waste signal detected,OK,Normal,-0.15070055708375685,unusual combination of marketing metrics
1121796,1178,144656,30-34,F,24,136967,23,35.05999982,3,1,0.0167923660443756,1.5243478182608696,4.3478260869565215,35.05999982,True,True,True,False,False,False,False,False,False,False,0,Low Risk,Moderate,No major waste signal detected,OK,Normal,-0.17120828991952525,unusual combination of marketing metrics
1121798,1178,144656,30-34,F,24,107548,19,29.31000018,1,0,0.0176665302934503,1.5426315884210526,0.0,,True,True,False,False,True,False,False,False,False,False,2,Medium Risk,Moderate,10+ clicks but no approved conversions,OK,Normal,-0.1985664179672027,clicks without approved conversions
1121803,1178,144657,30-34,F,25,588617,119,169.9199973,2,0,0.0202168812657466,1.42789913697479,0.0,,True,True,False,False,True,False,False,False,False,False,2,Medium Risk,Strong,10+ clicks but no approved conversions,OK,Normal,-0.1031273394063198,unusually high spend; clicks without approved conversions
1121806,1178,144658,30-34,F,26,190560,26,41.63,3,1,0.0136439966414777,1.601153846153846,3.8461538461538463,41.63,True,True,True,False,False,False,False,False,False,False,0,Low Risk,Moderate,No major waste signal detected,OK,Normal,-0.16505122311797127,unusual combination of marketing metrics
1121807,1178,144658,30-34,F,26,373110,49,75.70000076,4,2,0.0131328562622282,1.5448979746938774,4.081632653061225,37.85000038,True,True,True,False,False,False,False,False,False,False,0,Low Risk,Moderate,No major waste signal detected,OK,Normal,-0.14638591080295277,unusual combination of marketing metrics
1121812,1178,144659,30-34,F,27,935646,170,256.4699982,19,6,0.0181692648715432,1.5086470482352945,3.5294117647058822,42.7449997,True,True,True,False,False,False,False,False,False,False,0,Low Risk,Strong,No major waste signal detected,OK,Normal,-0.004254693920256236,unusually high spend
1121814,1178,144659,30-34,F,27,2223278,421,612.3000032,38,13,0.0189360035047349,1.4543943068883611,3.0878859857482186,47.10000024615385,True,True,True,False,False,False,False,False,False,False,0,Low Risk,Strong,No major waste signal detected,OK,Anomaly,0.19174284411002118,unusually high spend
1121815,1178,144659,30-34,F,27,240497,36,51.84000087,1,0,0.0149690016923288,1.4400000241666666,0.0,,True,True,False,False,True,False,False,False,False,False,2,Medium Risk,Moderate,10+ clicks but no approved conversions,OK,Normal,-0.17312991632330638,clicks without approved conversions
1121816,1178,144659,30-34,F,27,259984,37,54.7900002,5,0,0.0142316450243091,1.4808108162162164,0.0,,True,True,False,False,True,False,False,False,False,False,2,Medium Risk,Moderate,10+ clicks but no approved conversions,OK,Normal,-0.1489386335369715,clicks without approved conversions
1121817,1178,144660,30-34,F,28,606786,127,179.050001,11,3,0.0209299489441087,1.4098425275590551,2.3622047244094486,59.68333366666667,True,True,True,False,False,False,False,False,True,False,1,Low Risk,Strong,high CPA,OK,Normal,-0.06726311037540156,unusually high spend
1121818,1178,144660,30-34,F,28,83270,13,17.74000001,1,0,0.0156118650174132,1.3646153853846152,0.0,,True,True,False,False,True,False,False,False,False,False,2,Medium Risk,Moderate,10+ clicks but no approved conversions,OK,Normal,-0.19454348281448813,clicks without approved conversions
1121819,1178,144660,30-34,F,28,1189509,268,375.7199963,7,3,0.0225303045206047,1.4019402847014926,1.1194029850746268,125.23999876666666,True,True,True,False,False,False,False,False,True,True,2,Medium Risk,Strong,high CPA,OK,Anomaly,0.039259216028553645,very high CPA; unusually high spend
1121820,1178,144660,30-34,F,28,11471,1,1.570000052,0,0,0.0087176357771772,1.570000052,0.0,,True,True,False,False,False,False,False,False,False,False,0,Low Risk,Weak,No major waste signal detected,OK,Normal,-0.18045229106438393,unusual combination of marketing metrics
1121824,1178,144661,30-34,F,29,1705246,295,429.4799981,23,10,0.017299556779491,1.4558644003389831,3.389830508474576,42.94799981,True,True,True,False,False,False,False,False,False,False,0,Low Risk,Strong,No major waste signal detected,OK,Anomaly,0.11497506445018457,unusually high spend
1121826,1178,144661,30-34,F,29,418016,63,95.8500005,3,1,0.0150711934471407,1.5214285793650792,1.5873015873015872,95.8500005,True,True,True,False,False,False,False,False,True,False,1,Low Risk,Strong,high CPA,OK,Normal,-0.130804668290665,unusual combination of marketing metrics
1121827,1178,144661,30-34,F,29,30155,3,3.819999933,1,0,0.0099485989056541,1.273333311,0.0,,True,True,False,False,False,False,False,False,False,False,0,Low Risk,Weak,No major waste signal detected,OK,Normal,-0.19036608847138348,unusual combination of marketing metrics
1121828,1178,144661,30-34,F,29,990404,153,226.5399992,12,6,0.0154482413237426,1.4806535895424835,3.92156862745098,37.75666653333334,True,True,True,False,False,False,False,False,False,False,0,Low Risk,Strong,No major waste signal detected,OK,Normal,-0.016632305726878793,unusually high spend
1121829,1178,144662,30-34,F,30,187468,34,50.72000062,2,1,0.0181364286171506,1.491764724117647,2.941176470588235,50.72000062,True,True,True,False,False,False,False,False,False,False,0,Low Risk,Moderate,No major waste signal detected,OK,Normal,-0.16542516659352408,unusual combination of marketing metrics
1121832,1178,144662,30-34,F,30,208301,33,54.57000089,1,0,0.0158424587495979,1.6536363906060607,0.0,,True,True,False,False,True,False,True,False,False,False,3,Medium Risk,Moderate,"high CPC, 10+ clicks but no approved conversions",OK,Normal,-0.17611875654642795,clicks without approved conversions
1121833,1178,144662,30-34,F,30,101856,16,25.22000039,4,1,0.0157084511467169,1.576250024375,6.25,25.22000039,True,True,True,False,False,False,False,False,False,False,0,Low Risk,Moderate,No major waste signal detected,OK,Normal,-0.15924664580591558,unusual combination of marketing metrics
1121835,1178,144663,30-34,F,31,48935,7,9.970000267,1,1,0.0143046898947583,1.4242857524285717,14.285714285714285,9.970000267,True,True,True,False,False,False,False,False,False,False,0,Low Risk,Weak,No major waste signal detected,OK,Normal,-0.1694847382188545,unusual combination of marketing metrics
1121839,1178,144663,30-34,F,31,13911,1,1.730000019,1,1,0.0071885558191359,1.730000019,100.0,1.730000019,True,True,True,False,False,False,False,False,False,False,0,Low Risk,Weak,No major waste signal detected,OK,Normal,-0.08790102677472361,unusual combination of marketing metrics
1121841,1178,144664,30-34,F,32,511726,77,123.0900019,8,4,0.0150471150576675,1.5985714532467532,5.194805194805195,30.772500475,True,True,True,False,False,False,False,False,False,False,0,Low Risk,Strong,No major waste signal detected,OK,Normal,-0.08070959675224404,unusual combination of marketing metrics
1121843,1178,144664,30-34,F,32,177452,24,37.83000016,2,0,0.013524784166986,1.5762500066666665,0.0,,True,True,False,False,True,False,False,False,False,False,2,Medium Risk,Moderate,10+ clicks but no approved conversions,OK,Normal,-0.18360717594175768,clicks without approved conversions
1121844,1178,144664,30-34,F,32,149808,20,33.03999937,1,1,0.0133504218733311,1.6519999684999995,5.0,33.03999937,True,True,True,False,False,False,True,False,False,False,1,Low Risk,Moderate,high CPC,OK,Normal,-0.16848893734166454,unusual combination of marketing metrics
1121845,1178,144664,30-34,F,32,390339,60,105.0199997,9,6,0.0153712542174878,1.750333328333333,10.0,17.503333283333333,True,True,True,False,False,False,True,False,False,False,1,Low Risk,Strong,high CPC,OK,Normal,-0.037986505951045024,unusual combination of marketing metrics
1121846,1178,144664,30-34,F,32,8350,0,0.0,1,0,0.0,,,,False,False,False,False,False,False,False,False,False,False,0,Low Risk,Insufficient Data,No major waste signal detected,OK,Normal,-0.1344308737846452,unusual combination of marketing metrics
1121847,1178,144665,30-34,F,36,39339,4,5.929999948,1,0,0.0101680266402297,1.482499987,0.0,,True,True,False,False,False,False,False,False,False,False,0,Low Risk,Weak,No major waste signal detected,OK,Normal,-0.1961605249448632,unusual combination of marketing metrics
1121854,1178,144666,30-34,F,63,8587,0,0.0,1,0,0.0,,,,False,False,False,False,False,False,False,False,False,False,0,Low Risk,Insufficient Data,No major waste signal detected,OK,Normal,-0.13307986237281028,unusual combination of marketing metrics
1121855,1178,144666,30-34,F,63,24893,2,3.75,1,0,0.008034387177118,1.875,0.0,,True,True,False,False,False,False,False,False,False,False,0,Low Risk,Weak,No major waste signal detected,OK,Normal,-0.1727407221319826,very high CPC
1121856,1178,144666,30-34,F,63,1296189,212,343.2599944,14,4,0.0163556394939318,1.619150916981132,1.8867924528301887,85.8149986,True,True,True,False,False,False,False,False,True,False,1,Low Risk,Strong,high CPA,OK,Anomaly,0.035397825750698386,unusually high spend
1121857,1178,144666,30-34,F,63,91607,12,19.1899997,2,1,0.0130994356326481,1.5991666416666668,8.333333333333332,19.1899997,True,True,True,False,False,False,False,False,False,False,0,Low Risk,Moderate,No major waste signal detected,OK,Normal,-0.17575650278135213,unusual combination of marketing metrics
1121859,1178,144667,30-34,F,64,238036,38,61.02999771,6,3,0.0159639718361928,1.6060525713157896,7.894736842105263,20.34333257,True,True,True,False,False,False,False,False,False,False,0,Low Risk,Moderate,No major waste signal detected,OK,Normal,-0.11203422569666649,unusual combination of marketing metrics
1121860,1178,144667,30-34,F,64,254344,35,56.16999996,2,1,0.0137608907621174,1.6048571417142856,2.857142857142857,56.16999996,True,True,True,False,False,False,False,False,True,False,1,Low Risk,Moderate,high CPA,OK,Normal,-0.15693952240396142,unusual combination of marketing metrics
1121861,1178,144667,30-34,F,64,157705,23,39.23000026,2,0,0.0145841920040582,1.7056521852173911,0.0,,True,True,False,False,True,False,True,False,False,False,3,Medium Risk,Moderate,"high CPC, 10+ clicks but no approved conversions",OK,Normal,-0.18014794167704035,clicks without approved conversions
1121862,1178,144667,30-34,F,64,411571,60,99.1799984,6,1,0.0145782866139742,1.6529999733333334,1.6666666666666667,99.1799984,True,True,True,False,False,False,True,False,True,False,2,Medium Risk,Strong,"high CPC, high CPA",OK,Normal,-0.11774921750431044,unusual combination of marketing metrics
1121863,1178,144667,30-34,F,64,94136,11,16.17999971,1,0,0.0116852213818305,1.4709090645454546,0.0,,True,True,False,False,True,False,False,False,False,False,2,Medium Risk,Moderate,10+ clicks but no approved conversions,OK,Normal,-0.1952199202988057,clicks without approved conversions
1121867,1178,144668,30-34,F,65,82640,16,23.97000039,1,1,0.0193610842207163,1.498125024375,6.25,23.97000039,True,True,True,False,False,False,False,False,False,False,0,Low Risk,Moderate,No major waste signal detected,OK,Normal,-0.17263231045175764,unusual combination of marketing metrics
1121869,1178,144668,30-34,F,65,17870,2,2.620000005,1,1,0.0111919418019026,1.3100000025,50.0,2.620000005,True,True,True,False,False,False,False,False,False,False,0,Low Risk,Weak,No major waste signal detected,OK,Normal,-0.144667914160173,unusual combination of marketing metrics
1121871,1178,144669,30-34,F,2,19178,2,2.779999971,1,1,0.0104286161226405,1.3899999855,50.0,2.779999971,True,True,True,False,False,False,False,False,False,False,0,Low Risk,Weak,No major waste signal detected,OK,Normal,-0.14349468708582336,unusual combination of marketing metrics
1121873,1178,144669,30-34,F,2,5264,0,0.0,1,0,0.0,,,,False,False,False,False,False,False,False,False,False,False,0,Low Risk,Insufficient Data,No major waste signal detected,OK,Normal,-0.15371852089746402,unusual combination of marketing metrics
1121874,1178,144669,30-34,F,2,145548,28,42.37000036,2,1,0.0192376398164179,1.5132142985714283,3.571428571428571,42.37000036,True,True,True,False,False,False,False,False,False,False,0,Low Risk,Moderate,No major waste signal detected,OK,Normal,-0.17106158889246387,unusual combination of marketing metrics
1121876,1178,144669,30-34,F,2,82455,15,22.04999971,1,0,0.0181917409496088,1.4699999806666668,0.0,,True,True,False,False,True,False,False,False,False,False,2,Medium Risk,Moderate,10+ clicks but no approved conversions,OK,Normal,-0.19875165406836798,clicks without approved conversions
1121877,1178,144670,30-34,F,7,44189,7,10.31999981,2,0,0.0158410464142659,1.4742856871428571,0.0,,True,True,False,False,False,False,False,False,False,False,0,Low Risk,Weak,No major waste signal detected,OK,Normal,-0.1946240020538585,unusual combination of marketing metrics
1121878,1178,144670,30-34,F,7,45199,7,9.809999943,1,0,0.0154870682979711,1.4014285632857142,0.0,,True,True,False,False,False,False,False,False,False,False,0,Low Risk,Weak,No major waste signal detected,OK,Normal,-0.19951487189353845,unusual combination of marketing metrics
1121881,1178,144670,30-34,F,7,221843,43,63.45000076,5,0,0.0193830772212781,1.475581413023256,0.0,,True,True,False,False,True,False,False,False,False,False,2,Medium Risk,Moderate,10+ clicks but no approved conversions,OK,Normal,-0.15191097880681653,clicks without approved conversions
1121888,1178,144671,30-34,F,66,41672,6,10.54999995,2,1,0.0143981570358994,1.758333325,16.666666666666664,10.54999995,True,True,True,False,False,False,False,False,False,False,0,Low Risk,Weak,No major waste signal detected,OK,Normal,-0.15777695101453004,unusual combination of marketing metrics
1121889,1178,144672,35-39,F,10,127546,25,38.94000041,2,0,0.0196007714863657,1.5576000164,0.0,,True,True,False,False,True,False,False,False,False,False,2,Medium Risk,Moderate,10+ clicks but no approved conversions,OK,Normal,-0.1910571958543668,clicks without approved conversions
1121890,1178,144672,35-39,F,10,127865,28,38.02999961,3,1,0.0218980956477534,1.3582142717857142,3.571428571428571,38.02999961,True,True,True,False,False,False,False,False,False,False,0,Low Risk,Moderate,No major waste signal detected,OK,Normal,-0.1618948438280346,unusual combination of marketing metrics
1121891,1178,144672,35-39,F,10,1025327,229,314.2999983,16,2,0.0223343382160032,1.3724890755458516,0.8733624454148471,157.14999915,True,True,True,False,False,False,False,False,True,True,2,Medium Risk,Strong,high CPA,OK,Anomaly,0.02775825288679845,very high CPA; unusually high spend
1121894,1178,144672,35-39,F,10,561415,124,173.76,3,0,0.0220870479057381,1.401290322580645,0.0,,True,True,False,False,True,False,False,False,False,False,2,Medium Risk,Strong,10+ clicks but no approved conversions,OK,Normal,-0.09746020460542626,unusually high spend; clicks without approved conversions
1121895,1178,144673,35-39,F,15,132803,25,37.32000124,2,1,0.0188248759440675,1.4928000496000002,4.0,37.32000124,True,True,True,False,False,False,False,False,False,False,0,Low Risk,Moderate,No major waste signal detected,OK,Normal,-0.17588087210681386,unusual combination of marketing metrics
1121897,1178,144673,35-39,F,15,24664,2,2.629999995,1,1,0.0081089847551086,1.3149999975,50.0,2.629999995,True,True,True,False,False,False,False,False,False,False,0,Low Risk,Weak,No major waste signal detected,OK,Normal,-0.13743180064089344,unusual combination of marketing metrics
1121901,1178,144674,35-39,F,16,1020561,172,263.8100007,7,3,0.0168534756864116,1.5337790738372092,1.744186046511628,87.93666689999999,True,True,True,False,False,False,False,False,True,False,1,Low Risk,Strong,high CPA,OK,Normal,-0.04653857401063144,unusually high spend
1121902,1178,144674,35-39,F,16,682143,114,177.1099993,6,2,0.0167120383849134,1.5535964850877193,1.7543859649122806,88.55499965,True,True,True,False,False,False,False,False,True,False,1,Low Risk,Strong,high CPA,OK,Normal,-0.09582834985724825,unusually high spend
1121903,1178,144674,35-39,F,16,1247717,222,343.4199994,11,4,0.0177924962150872,1.5469369342342345,1.8018018018018016,85.85499985,True,True,True,False,False,False,False,False,True,False,1,Low Risk,Strong,high CPA,OK,Anomaly,0.027923158738385245,unusually high spend
1121904,1178,144674,35-39,F,16,146406,23,33.22999942,1,1,0.0157097386719123,1.4447825834782608,4.3478260869565215,33.22999942,True,True,True,False,False,False,False,False,False,False,0,Low Risk,Moderate,No major waste signal detected,OK,Normal,-0.1712871762180621,unusual combination of marketing metrics
1121905,1178,144674,35-39,F,16,905699,161,234.6599982,4,1,0.0177763252471295,1.4575155167701863,0.6211180124223602,234.6599982,True,True,True,False,False,False,False,False,True,True,2,Medium Risk,Strong,high CPA,OK,Normal,-0.0018906934316712531,very high CPA; unusually high spend
1121906,1178,144674,35-39,F,16,1184580,194,297.8299981,14,3,0.0163771125631025,1.5352061757731958,1.5463917525773196,99.27666603333334,True,True,True,False,False,False,False,False,True,False,1,Low Risk,Strong,high CPA,OK,Anomaly,0.0024824305359094634,unusually high spend
1121907,1178,144675,35-39,F,18,98057,20,31.00999963,1,1,0.0203963001111598,1.5504999815,5.0,31.00999963,True,True,True,False,False,False,False,False,False,False,0,Low Risk,Moderate,No major waste signal detected,OK,Normal,-0.17533016081079372,unusual combination of marketing metrics
1121917,1178,144676,35-39,F,19,238735,56,84.65999889,4,1,0.0234569711186043,1.5117856944642856,1.7857142857142856,84.65999889,True,True,True,False,False,False,False,False,True,False,1,Low Risk,Strong,high CPA,OK,Normal,-0.12637563093719284,unusual combination of marketing metrics
1121918,1178,144676,35-39,F,19,320657,77,115.8800026,2,0,0.0240131979030552,1.5049350987012986,0.0,,True,True,False,False,True,False,False,False,False,False,2,Medium Risk,Strong,10+ clicks but no approved conversions,OK,Normal,-0.13423596400101867,clicks without approved conversions
1121925,1178,144678,35-39,F,21,244074,57,84.51000023,4,2,0.0233535730966837,1.482631582982456,3.508771929824561,42.255000115,True,True,True,False,False,False,False,False,False,False,0,Low Risk,Strong,No major waste signal detected,OK,Normal,-0.13140517512101807,unusual combination of marketing metrics
1121928,1178,144678,35-39,F,21,39146,8,13.05999959,1,0,0.0204363153323455,1.63249994875,0.0,,True,True,False,False,False,False,False,False,False,False,0,Low Risk,Weak,No major waste signal detected,OK,Normal,-0.19612812056868767,unusual combination of marketing metrics
1121931,1178,144679,35-39,F,22,78468,15,23.64999962,1,0,0.0191160727940052,1.5766666413333332,0.0,,True,True,False,False,True,False,False,False,False,False,2,Medium Risk,Moderate,10+ clicks but no approved conversions,OK,Normal,-0.19898699153436294,clicks without approved conversions
1121933,1178,144679,35-39,F,22,325653,63,89.35000026,2,0,0.019345745317869,1.4182539723809524,0.0,,True,True,False,False,True,False,False,False,False,False,2,Medium Risk,Strong,10+ clicks but no approved conversions,OK,Normal,-0.1563458259959848,clicks without approved conversions
1121935,1178,144679,35-39,F,22,66277,12,17.30000019,1,0,0.0181058285679798,1.4416666825,0.0,,True,True,False,False,True,False,False,False,False,False,2,Medium Risk,Moderate,10+ clicks but no approved conversions,OK,Normal,-0.20075227946476348,clicks without approved conversions
1121936,1178,144679,35-39,F,22,93002,16,23.33999968,1,0,0.0172039310982559,1.45874998,0.0,,True,True,False,False,True,False,False,False,False,False,2,Medium Risk,Moderate,10+ clicks but no approved conversions,OK,Normal,-0.19867704743906484,clicks without approved conversions
1121944,1178,144681,35-39,F,24,109723,27,40.9600004,1,0,0.0246074205043609,1.517037051851852,0.0,,True,True,False,False,True,False,False,False,False,False,2,Medium Risk,Moderate,10+ clicks but no approved conversions,OK,Normal,-0.1890903331418039,clicks without approved conversions
1121948,1178,144681,35-39,F,24,118941,35,50.11000001,4,1,0.0294263542428599,1.431714286,2.857142857142857,50.11000001,True,True,True,False,False,False,False,False,False,False,0,Low Risk,Moderate,No major waste signal detected,OK,Normal,-0.13241706809622394,unusual combination of marketing metrics
1121949,1178,144682,35-39,F,25,221576,47,66.79000068,6,1,0.0212116835758385,1.4210638442553192,2.127659574468085,66.79000068,True,True,True,False,False,False,False,False,True,False,1,Low Risk,Moderate,high CPA,OK,Normal,-0.13160812702688024,unusual combination of marketing metrics
1121953,1178,144682,35-39,F,25,8341,1,1.639999986,1,0,0.0119889701474643,1.639999986,0.0,,True,True,False,False,False,False,False,False,False,False,0,Low Risk,Weak,No major waste signal detected,OK,Normal,-0.19952769750215765,unusual combination of marketing metrics
1121954,1178,144682,35-39,F,25,120335,26,36.2299993,2,0,0.0216063489425354,1.3934615115384617,0.0,,True,True,False,False,True,False,False,False,False,False,2,Medium Risk,Moderate,10+ clicks but no approved conversions,OK,Normal,-0.18823814050608917,clicks without approved conversions
1121955,1178,144683,35-39,F,26,182098,40,62.86999989,1,1,0.0219661940273918,1.57174999725,2.5,62.86999989,True,True,True,False,False,False,False,False,True,False,1,Low Risk,Moderate,high CPA,OK,Normal,-0.14636802792150622,unusual combination of marketing metrics
1121956,1178,144683,35-39,F,26,227473,52,71.58000052,1,1,0.0228598558949853,1.3765384715384614,1.9230769230769231,71.58000052,True,True,True,False,False,False,False,False,True,False,1,Low Risk,Strong,high CPA,OK,Normal,-0.1283243281558233,unusual combination of marketing metrics
1121962,1178,144684,35-39,F,27,1050947,230,350.5099957,6,1,0.0218850236976745,1.5239565030434783,0.4347826086956521,350.5099957,True,True,True,False,False,False,False,False,True,True,2,Medium Risk,Strong,high CPA,OK,Anomaly,0.06116193200644393,very high CPA; unusually high spend
1121963,1178,144684,35-39,F,27,720859,162,213.6899986,13,5,0.0224731882379217,1.3190740654320987,3.08641975308642,42.73799972,True,True,True,False,False,False,False,False,False,False,0,Low Risk,Strong,No major waste signal detected,OK,Normal,-0.016526060019199873,unusually high spend
1121971,1178,144685,35-39,F,28,41111,8,10.96000016,1,0,0.0194595120527352,1.37000002,0.0,,True,True,False,False,False,False,False,False,False,False,0,Low Risk,Weak,No major waste signal detected,OK,Normal,-0.19866511188375535,unusual combination of marketing metrics
1121973,1178,144686,35-39,F,29,148616,25,37.39999962,6,4,0.0168218765139688,1.4959999848,16.0,9.349999905,True,True,True,False,False,False,False,False,False,False,0,Low Risk,Moderate,No major waste signal detected,OK,Normal,-0.08218489897186165,unusual combination of marketing metrics
1121976,1178,144686,35-39,F,29,707260,135,210.8200028,13,6,0.0190877470802816,1.5616296503703704,4.444444444444445,35.13666713333333,True,True,True,False,False,False,False,False,False,False,0,Low Risk,Strong,No major waste signal detected,OK,Normal,-0.024003644490722453,unusually high spend
1121977,1178,144686,35-39,F,29,139596,26,42.41000032,1,1,0.0186251755064615,1.6311538584615386,3.8461538461538463,42.41000032,True,True,True,False,False,False,False,False,False,False,0,Low Risk,Moderate,No major waste signal detected,OK,Normal,-0.16735921283951888,unusual combination of marketing metrics
1121983,1178,144687,35-39,F,30,105399,22,33.19999933,2,0,0.0208730633117961,1.5090908786363637,0.0,,True,True,False,False,True,False,False,False,False,False,2,Medium Risk,Moderate,10+ clicks but no approved conversions,OK,Normal,-0.1937501005974448,clicks without approved conversions
1121994,1178,144689,35-39,F,32,222378,50,72.91000104,1,0,0.0224842385487773,1.4582000208,0.0,,True,True,False,False,True,False,False,False,False,False,2,Medium Risk,Strong,10+ clicks but no approved conversions,OK,Normal,-0.15896016101178256,clicks without approved conversions
1122003,1178,144691,35-39,F,63,975792,210,293.8800011,10,4,0.0215209798809582,1.3994285766666668,1.9047619047619049,73.470000275,True,True,True,False,False,False,False,False,True,False,1,Low Risk,Strong,high CPA,OK,Normal,-0.009863780159630076,unusually high spend
1122004,1178,144691,35-39,F,63,579150,125,167.0499997,5,1,0.0215833549166882,1.3363999976,0.8,167.0499997,True,True,True,False,False,False,False,False,True,True,2,Medium Risk,Strong,high CPA,OK,Normal,-0.05536132799042748,very high CPA; unusually high spend
1122005,1178,144691,35-39,F,63,449588,81,123.800001,5,2,0.0180164951021824,1.528395074074074,2.469135802469136,61.9000005,True,True,True,False,False,False,False,False,True,False,1,Low Risk,Strong,high CPA,OK,Normal,-0.1275473863481102,unusual combination of marketing metrics
1122006,1178,144691,35-39,F,63,318157,56,85.70000196,3,0,0.0176013729070867,1.5303571778571428,0.0,,True,True,False,False,True,False,False,False,False,False,2,Medium Risk,Strong,10+ clicks but no approved conversions,OK,Normal,-0.15393229515257995,clicks without approved conversions
1122007,1178,144691,35-39,F,63,196967,43,65.17999971,2,1,0.0218310681484715,1.5158139467441862,2.3255813953488373,65.17999971,True,True,True,False,False,False,False,False,True,False,1,Low Risk,Moderate,high CPA,OK,Normal,-0.15600241997215336,unusual combination of marketing metrics
1122011,1178,144692,35-39,F,64,158298,37,46.43000007,4,1,0.0233736370642711,1.2548648667567568,2.702702702702702,46.43000007,True,True,True,False,False,False,False,False,False,False,0,Low Risk,Moderate,No major waste signal detected,OK,Normal,-0.134576422608001,unusual combination of marketing metrics
1122012,1178,144692,35-39,F,64,222739,55,68.55999959,5,2,0.0246925774112301,1.2465454470909092,3.636363636363636,34.279999795,True,True,True,False,False,False,False,False,False,False,0,Low Risk,Strong,No major waste signal detected,OK,Normal,-0.10691541194824333,unusual combination of marketing metrics
1122022,1178,144694,35-39,F,2,20780,5,8.189999938,1,0,0.0240615976900866,1.6379999876,0.0,,True,True,False,False,False,False,False,False,False,False,0,Low Risk,Weak,No major waste signal detected,OK,Normal,-0.1965635746939428,unusual combination of marketing metrics
1122027,1178,144695,35-39,F,7,128616,33,48.54999948,2,0,0.0256577719723829,1.4712121054545453,0.0,,True,True,False,False,True,False,False,False,False,False,2,Medium Risk,Moderate,10+ clicks but no approved conversions,OK,Normal,-0.17693358255489616,clicks without approved conversions
1122039,1178,144697,40-44,F,10,258954,61,82.27999902,1,0,0.0235563072978212,1.3488524429508195,0.0,,True,True,False,False,True,False,False,False,False,False,2,Medium Risk,Strong,10+ clicks but no approved conversions,OK,Normal,-0.14860137006187313,clicks without approved conversions
1122040,1178,144697,40-44,F,10,205289,48,71.53000104,3,0,0.0233816716921023,1.490208355,0.0,,True,True,False,False,True,False,False,False,False,False,2,Medium Risk,Moderate,10+ clicks but no approved conversions,OK,Normal,-0.15980123485008835,clicks without approved conversions
1122041,1178,144697,40-44,F,10,611601,138,191.419996,8,3,0.0225637302751303,1.387101420289855,2.1739130434782608,63.806665333333335,True,True,True,False,False,False,False,False,True,False,1,Low Risk,Strong,high CPA,OK,Normal,-0.07369799258489151,unusually high spend
1122043,1178,144697,40-44,F,10,947657,233,321.8700004,8,4,0.0245869549847676,1.3814163107296136,1.7167381974248928,80.4675001,True,True,True,False,False,False,False,False,True,False,1,Low Risk,Strong,high CPA,OK,Anomaly,0.012812147283786879,unusually high spend
1122044,1178,144697,40-44,F,10,233043,49,65.03000033,2,0,0.0210261625536918,1.3271428638775509,0.0,,True,True,False,False,True,False,False,False,False,False,2,Medium Risk,Moderate,10+ clicks but no approved conversions,OK,Normal,-0.16088136325967123,clicks without approved conversions
1122047,1178,144698,40-44,F,15,582725,142,194.8099988,9,2,0.0243682697670427,1.3719013999999998,1.4084507042253522,97.4049994,True,True,True,False,False,False,False,False,True,False,1,Low Risk,Strong,high CPA,OK,Normal,-0.06286118014699754,unusually high spend
1122052,1178,144699,40-44,F,16,265038,51,78.45999932,2,1,0.0192425237135806,1.5384313592156862,1.96078431372549,78.45999932,True,True,True,False,False,False,False,False,True,False,1,Low Risk,Strong,high CPA,OK,Normal,-0.13922181179391063,unusual combination of marketing metrics
1122054,1178,144699,40-44,F,16,222273,39,53.62999868,6,1,0.0175459907411156,1.3751281712820511,2.564102564102564,53.62999868,True,True,True,False,False,False,False,False,False,False,0,Low Risk,Moderate,No major waste signal detected,OK,Normal,-0.13314339960314753,unusual combination of marketing metrics
1122055,1178,144699,40-44,F,16,797234,170,243.7699978,4,1,0.0213237267853603,1.4339411635294117,0.5882352941176471,243.7699978,True,True,True,False,False,False,False,False,True,True,2,Medium Risk,Strong,high CPA,OK,Anomaly,0.00021007704796349724,very high CPA; unusually high spend
1122056,1178,144699,40-44,F,16,925555,182,262.8899981,4,2,0.0196638773492661,1.4444505390109892,1.098901098901099,131.44499905,True,True,True,False,False,False,False,False,True,True,2,Medium Risk,Strong,high CPA,OK,Normal,-0.03674297458216491,very high CPA; unusually high spend
1122058,1178,144700,40-44,F,18,22210,3,4.050000191,1,1,0.0135074290859973,1.3500000636666665,33.33333333333333,4.050000191,True,True,True,False,False,False,False,False,False,False,0,Low Risk,Weak,No major waste signal detected,OK,Normal,-0.15244691004599104,unusual combination of marketing metrics
1122075,1178,144703,40-44,F,21,46391,11,16.40999985,3,1,0.0237114957642646,1.491818168181818,9.090909090909092,16.40999985,True,True,True,False,False,False,False,False,False,False,0,Low Risk,Moderate,No major waste signal detected,OK,Normal,-0.15807925256707595,unusual combination of marketing metrics
1122078,1178,144703,40-44,F,21,190477,42,66.38999987,1,0,0.0220499062878982,1.5807142826190477,0.0,,True,True,False,False,True,False,False,False,False,False,2,Medium Risk,Moderate,10+ clicks but no approved conversions,OK,Normal,-0.16727523316112142,clicks without approved conversions
1122079,1178,144703,40-44,F,21,25382,7,9.609999895,1,0,0.0275785990071704,1.3728571278571429,0.0,,True,True,False,False,False,False,False,False,False,False,0,Low Risk,Weak,No major waste signal detected,OK,Normal,-0.19737547795515303,unusual combination of marketing metrics
1122085,1178,144704,40-44,F,22,65726,17,22.12000012,2,0,0.0258649545081094,1.301176477647059,0.0,,True,True,False,False,True,False,False,False,False,False,2,Medium Risk,Moderate,10+ clicks but no approved conversions,OK,Normal,-0.18260617059003892,clicks without approved conversions
1122089,1178,144705,40-44,F,23,195220,51,78.06000042,1,0,0.0261243725028173,1.5305882435294116,0.0,,True,True,False,False,True,False,False,False,False,False,2,Medium Risk,Strong,10+ clicks but no approved conversions,OK,Normal,-0.1519627975457819,clicks without approved conversions
1122092,1178,144705,40-44,F,23,107501,27,40.87999928,2,2,0.0251160454321355,1.5140740474074077,7.4074074074074066,20.43999964,True,True,True,False,False,False,False,False,False,False,0,Low Risk,Moderate,No major waste signal detected,OK,Normal,-0.14028718367984017,unusual combination of marketing metrics
1122101,1178,144707,40-44,F,25,197772,63,88.21000016,7,2,0.0318548631757781,1.4001587326984128,3.1746031746031744,44.10500008,True,True,True,False,False,False,False,False,False,False,0,Low Risk,Strong,No major waste signal detected,OK,Normal,-0.08972858875573636,unusual combination of marketing metrics
1122102,1178,144707,40-44,F,25,138154,35,48.93999863,1,0,0.0253340475121965,1.3982856751428572,0.0,,True,True,False,False,True,False,False,False,False,False,2,Medium Risk,Moderate,10+ clicks but no approved conversions,OK,Normal,-0.17533401986075037,clicks without approved conversions
1122103,1178,144707,40-44,F,25,270124,69,95.84999895,2,0,0.0255438243177207,1.3891304195652174,0.0,,True,True,False,False,True,False,False,False,False,False,2,Medium Risk,Strong,10+ clicks but no approved conversions,OK,Normal,-0.13141965294979374,clicks without approved conversions
1122105,1178,144708,40-44,F,26,303971,77,106.9299998,11,6,0.0253313638472091,1.3887012961038965,7.792207792207792,17.821666633333333,True,True,True,False,False,False,False,False,False,False,0,Low Risk,Strong,No major waste signal detected,OK,Normal,-0.0071546289622143044,unusual combination of marketing metrics
1122107,1178,144708,40-44,F,26,682046,183,254.419997,4,2,0.0268310348568864,1.3902732076502733,1.092896174863388,127.2099985,True,True,True,False,False,False,False,False,True,True,2,Medium Risk,Strong,high CPA,OK,Normal,-0.02775021359030394,very high CPA; unusually high spend
1122109,1178,144708,40-44,F,26,328365,83,117.3400005,2,1,0.0252767499581258,1.4137349457831323,1.2048192771084338,117.3400005,True,True,True,False,False,False,False,False,True,True,2,Medium Risk,Strong,high CPA,OK,Normal,-0.09548419104866634,very high CPA
1122112,1178,144709,40-44,F,27,1083259,276,390.2599992,11,0,0.0254786713057542,1.413985504347826,0.0,,True,True,False,False,True,False,False,False,False,False,2,Medium Risk,Strong,10+ clicks but no approved conversions,OK,Anomaly,0.05592595078511442,unusually high spend; clicks without approved conversions
1122113,1178,144709,40-44,F,27,913929,245,340.4099993,7,2,0.026807334048925,1.3894285685714285,0.8163265306122449,170.20499965,True,True,True,False,False,False,False,False,True,True,2,Medium Risk,Strong,high CPA,OK,Anomaly,0.023333786456235184,very high CPA; unusually high spend
1122118,1178,144710,40-44,F,28,101586,24,33.47000039,2,1,0.0236253026991908,1.3945833495833335,4.166666666666666,33.47000039,True,True,True,False,False,False,False,False,False,False,0,Low Risk,Moderate,No major waste signal detected,OK,Normal,-0.16971125269494114,unusual combination of marketing metrics
1122120,1178,144710,40-44,F,28,181053,46,66.27999985,3,1,0.0254069250440478,1.4408695619565215,2.1739130434782608,66.27999985,True,True,True,False,False,False,False,False,True,False,1,Low Risk,Moderate,high CPA,OK,Normal,-0.13633055383490433,unusual combination of marketing metrics
1122121,1178,144710,40-44,F,28,133419,35,48.18000007,2,1,0.0262331452042063,1.3765714305714285,2.857142857142857,48.18000007,True,True,True,False,False,False,False,False,False,False,0,Low Risk,Moderate,No major waste signal detected,OK,Normal,-0.14917466709516608,unusual combination of marketing metrics
1122125,1178,144711,40-44,F,29,489573,113,156.1199993,3,2,0.023081338227394,1.381592914159292,1.7699115044247788,78.05999965,True,True,True,False,False,False,False,False,True,False,1,Low Risk,Strong,high CPA,OK,Normal,-0.09656129647669803,unusual combination of marketing metrics
1122127,1178,144711,40-44,F,29,822023,194,288.3300035,6,0,0.0236003128866223,1.486237131443299,0.0,,True,True,False,False,True,False,False,False,False,False,2,Medium Risk,Strong,10+ clicks but no approved conversions,OK,Normal,-0.02330901410589703,unusually high spend; clicks without approved conversions
1122131,1178,144712,40-44,F,30,93176,29,40.37000024,1,1,0.031123894565124,1.3920689737931036,3.4482758620689653,40.37000024,True,True,True,False,False,False,False,False,False,False,0,Low Risk,Moderate,No major waste signal detected,OK,Normal,-0.14183078931750764,unusual combination of marketing metrics
1122138,1178,144713,40-44,F,31,47229,13,19.27999985,1,0,0.0275254610514726,1.4830769115384614,0.0,,True,True,False,False,True,False,False,False,False,False,2,Medium Risk,Moderate,10+ clicks but no approved conversions,OK,Normal,-0.19174487069752727,clicks without approved conversions
1122139,1178,144713,40-44,F,31,92263,24,34.03000015,1,0,0.026012594431137,1.4179166729166666,0.0,,True,True,False,False,True,False,False,False,False,False,2,Medium Risk,Moderate,10+ clicks but no approved conversions,OK,Normal,-0.18785871768754242,clicks without approved conversions
1122140,1178,144713,40-44,F,31,81551,21,29.67000008,1,0,0.0257507571948841,1.4128571466666666,0.0,,True,True,False,False,True,False,False,False,False,False,2,Medium Risk,Moderate,10+ clicks but no approved conversions,OK,Normal,-0.18965554401167517,clicks without approved conversions
1122145,1178,144714,40-44,F,32,141037,32,47.78999913,3,0,0.0226890815885193,1.4934374728125,0.0,,True,True,False,False,True,False,False,False,False,False,2,Medium Risk,Moderate,10+ clicks but no approved conversions,OK,Normal,-0.1726385983542294,clicks without approved conversions
1122146,1178,144714,40-44,F,32,319501,79,111.6500003,0,0,0.0247260571954391,1.4132911430379749,0.0,,True,True,False,False,True,False,False,False,False,False,2,Medium Risk,Strong,10+ clicks but no approved conversions,OK,Normal,-0.12150309620268485,clicks without approved conversions
1122149,1178,144715,40-44,F,36,72741,19,24.33000016,2,0,0.0261200698368183,1.2805263242105265,0.0,,True,True,False,False,True,False,False,False,False,False,2,Medium Risk,Moderate,10+ clicks but no approved conversions,OK,Normal,-0.17713246182883857,clicks without approved conversions
1122154,1178,144716,40-44,F,63,597419,135,188.5100002,2,1,0.0225972056462884,1.396370371851852,0.7407407407407408,188.5100002,True,True,True,False,False,False,False,False,True,True,2,Medium Risk,Strong,high CPA,OK,Normal,-0.04588869705829324,very high CPA; unusually high spend
1122157,1178,144716,40-44,F,63,98768,21,33.14000034,1,1,0.021261947189373,1.5780952542857145,4.761904761904762,33.14000034,True,True,True,False,False,False,False,False,False,False,0,Low Risk,Moderate,No major waste signal detected,OK,Normal,-0.1707654744296731,unusual combination of marketing metrics
1122160,1178,144717,40-44,F,64,173165,41,59.85000026,1,0,0.0236768400080847,1.4597561039024392,0.0,,True,True,False,False,True,False,False,False,False,False,2,Medium Risk,Moderate,10+ clicks but no approved conversions,OK,Normal,-0.17061624922755514,clicks without approved conversions
1122165,1178,144718,40-44,F,65,55823,13,21.10999966,1,1,0.0232878920874908,1.6238461276923075,7.6923076923076925,21.10999966,True,True,True,False,False,False,False,False,False,False,0,Low Risk,Moderate,No major waste signal detected,OK,Normal,-0.17068517655260906,unusual combination of marketing metrics
1122166,1178,144718,40-44,F,65,118451,28,38.35000062,4,1,0.0236384665389063,1.3696428792857145,3.571428571428571,38.35000062,True,True,True,False,False,False,False,False,False,False,0,Low Risk,Moderate,No major waste signal detected,OK,Normal,-0.15649122961977013,unusual combination of marketing metrics
1122176,1178,144719,40-44,F,2,74424,22,30.84000027,1,1,0.0295603568741266,1.4018181940909091,4.545454545454546,30.84000027,True,True,True,False,False,False,False,False,False,False,0,Low Risk,Moderate,No major waste signal detected,OK,Normal,-0.1570808176877413,unusual combination of marketing metrics
1122177,1178,144720,40-44,F,7,47929,12,14.58999991,1,1,0.0250370339460451,1.2158333258333334,8.333333333333332,14.58999991,True,True,True,False,False,False,False,False,False,False,0,Low Risk,Moderate,No major waste signal detected,OK,Normal,-0.16090461835536057,unusual combination of marketing metrics
1122182,1178,144720,40-44,F,7,40801,12,15.91999972,0,0,0.0294110438469645,1.3266666433333334,0.0,,True,True,False,False,True,False,False,False,False,False,2,Medium Risk,Moderate,10+ clicks but no approved conversions,OK,Normal,-0.17491938716150862,clicks without approved conversions
1122183,1178,144721,40-44,F,66,66017,17,24.22000015,1,0,0.0257509429389399,1.4247058911764707,0.0,,True,True,False,False,True,False,False,False,False,False,2,Medium Risk,Moderate,10+ clicks but no approved conversions,OK,Normal,-0.19182310169413325,clicks without approved conversions
1122189,1178,144722,45-49,F,10,725043,179,238.4000007,5,3,0.0246881909072979,1.3318435793296088,1.675977653631285,79.46666689999999,True,True,True,False,False,False,False,False,True,False,1,Low Risk,Strong,high CPA,OK,Normal,-0.03027793538671808,unusually high spend
1122191,1178,144722,45-49,F,10,382776,97,132.7300007,5,1,0.025341191715259,1.3683505226804125,1.0309278350515465,132.7300007,True,True,True,False,False,False,False,False,True,True,2,Medium Risk,Strong,high CPA,OK,Normal,-0.07584306340351316,very high CPA
1122192,1178,144722,45-49,F,10,548250,137,201.6000042,5,1,0.0249886000911992,1.471532877372263,0.7299270072992701,201.6000042,True,True,True,False,False,False,False,False,True,True,2,Medium Risk,Strong,high CPA,OK,Normal,-0.035640955300450305,very high CPA; unusually high spend
1122193,1178,144722,45-49,F,10,1358324,346,465.0799981,8,2,0.0254725676642686,1.3441618442196532,0.5780346820809248,232.53999905,True,True,True,False,False,False,False,False,True,True,2,Medium Risk,Strong,high CPA,OK,Anomaly,0.10509006993204428,very high CPA; unusually high spend
1122197,1178,144723,45-49,F,15,662249,163,234.9399992,2,0,0.0246130986985257,1.441349688343558,0.0,,True,True,False,False,True,False,False,False,False,False,2,Medium Risk,Strong,10+ clicks but no approved conversions,OK,Normal,-0.055832132345610685,unusually high spend; clicks without approved conversions
1122200,1178,144723,45-49,F,15,559554,139,195.0799994,2,0,0.0248412128230698,1.4034532330935252,0.0,,True,True,False,False,True,False,False,False,False,False,2,Medium Risk,Strong,10+ clicks but no approved conversions,OK,Normal,-0.08628729390273604,unusually high spend; clicks without approved conversions
1122201,1178,144724,45-49,F,16,320757,68,104.6899989,2,0,0.0211998491069563,1.5395588073529414,0.0,,True,True,False,False,True,False,False,False,False,False,2,Medium Risk,Strong,10+ clicks but no approved conversions,OK,Normal,-0.14535536159184387,clicks without approved conversions
1122202,1178,144724,45-49,F,16,906151,202,295.5499957,1,0,0.0222920903911158,1.4631187905940597,0.0,,True,True,False,False,True,False,False,False,False,False,2,Medium Risk,Strong,10+ clicks but no approved conversions,OK,Normal,-0.018955282029407106,unusually high spend; clicks without approved conversions
1122203,1178,144724,45-49,F,16,699314,164,226.0300014,3,0,0.0234515539514438,1.3782317158536586,0.0,,True,True,False,False,True,False,False,False,False,False,2,Medium Risk,Strong,10+ clicks but no approved conversions,OK,Normal,-0.059901831393452065,unusually high spend; clicks without approved conversions
1122204,1178,144724,45-49,F,16,850337,198,287.690003,3,1,0.0232848858746591,1.4529798131313132,0.5050505050505051,287.690003,True,True,True,False,False,False,False,False,True,True,2,Medium Risk,Strong,high CPA,OK,Anomaly,0.025940258754902246,very high CPA; unusually high spend
1122205,1178,144724,45-49,F,16,1015460,247,315.9000051,9,2,0.0243239517066157,1.278947389068826,0.8097165991902834,157.95000255,True,True,True,False,False,False,False,False,True,True,2,Medium Risk,Strong,high CPA,OK,Anomaly,0.02760707316051636,very high CPA; unusually high spend
1122209,1178,144725,45-49,F,18,890295,227,332.9899989,1,0,0.0254971666694747,1.4669162947136565,0.0,,True,True,False,False,True,False,False,False,False,False,2,Medium Risk,Strong,10+ clicks but no approved conversions,OK,Anomaly,0.003870253416590197,unusually high spend; clicks without approved conversions
1122210,1178,144725,45-49,F,18,791817,194,282.490001,4,2,0.0245006106208884,1.4561340257731958,1.0309278350515465,141.2450005,True,True,True,False,False,False,False,False,True,True,2,Medium Risk,Strong,high CPA,OK,Normal,-0.029538522634380615,very high CPA; unusually high spend
1122211,1178,144725,45-49,F,18,317601,76,115.6600008,1,0,0.0239293956883007,1.5218421157894737,0.0,,True,True,False,False,True,False,False,False,False,False,2,Medium Risk,Strong,10+ clicks but no approved conversions,OK,Normal,-0.13321248877839625,clicks without approved conversions
1122212,1178,144725,45-49,F,18,685211,164,247.3200026,4,3,0.0239342333967201,1.5080487963414635,1.829268292682927,82.44000086666667,True,True,True,False,False,False,False,False,True,False,1,Low Risk,Strong,high CPA,OK,Normal,-0.0497286627936252,unusually high spend
1122213,1178,144726,45-49,F,19,32781,7,11.20000017,2,2,0.0213538330130258,1.6000000242857142,28.57142857142857,5.600000085,True,True,True,False,False,False,False,False,False,False,0,Low Risk,Weak,No major waste signal detected,OK,Normal,-0.11766175983791316,unusual combination of marketing metrics
1122216,1178,144726,45-49,F,19,76785,19,25.45999998,3,0,0.0247444162271276,1.3399999989473683,0.0,,True,True,False,False,True,False,False,False,False,False,2,Medium Risk,Moderate,10+ clicks but no approved conversions,OK,Normal,-0.1740327541840928,clicks without approved conversions
1122217,1178,144726,45-49,F,19,719083,206,299.5299983,12,5,0.0286475970089683,1.454029117961165,2.4271844660194173,59.90599966,True,True,True,False,False,False,False,False,True,False,1,Low Risk,Strong,high CPA,OK,Anomaly,0.02132389516411104,unusually high spend
1122223,1178,144727,45-49,F,20,368480,107,140.4200011,5,4,0.0290382110290924,1.3123364588785047,3.738317757009345,35.105000275,True,True,True,False,False,False,False,False,False,False,0,Low Risk,Strong,No major waste signal detected,OK,Normal,-0.04930607685385413,unusual combination of marketing metrics
1122224,1178,144727,45-49,F,20,260945,73,100.8800011,2,2,0.0279752438253271,1.3819178232876712,2.73972602739726,50.44000055,True,True,True,False,False,False,False,False,False,False,0,Low Risk,Strong,No major waste signal detected,OK,Normal,-0.10820494371807299,unusual combination of marketing metrics
1122225,1178,144728,45-49,F,21,40998,10,13.35000038,1,0,0.0243914337284745,1.335000038,0.0,,True,True,False,False,True,False,False,False,False,False,2,Medium Risk,Moderate,10+ clicks but no approved conversions,OK,Normal,-0.19811419597762292,clicks without approved conversions
1122227,1178,144728,45-49,F,21,183293,53,73.74999964,2,1,0.0289154523085988,1.3915094271698112,1.8867924528301887,73.74999964,True,True,True,False,False,False,False,False,True,False,1,Low Risk,Strong,high CPA,OK,Normal,-0.11285793841591435,unusual combination of marketing metrics
1122232,1178,144729,45-49,F,22,221561,55,76.75999916,1,0,0.0248238634055632,1.3956363483636365,0.0,,True,True,False,False,True,False,False,False,False,False,2,Medium Risk,Strong,10+ clicks but no approved conversions,OK,Normal,-0.14935604978795142,clicks without approved conversions
1122233,1178,144729,45-49,F,22,436943,109,145.8199974,1,1,0.0249460455940477,1.3377981412844038,0.9174311926605504,145.8199974,True,True,True,False,False,False,False,False,True,True,2,Medium Risk,Strong,high CPA,OK,Normal,-0.06057507006158813,very high CPA
1122240,1178,144730,45-49,F,23,284488,90,125.2700011,1,1,0.0316357807710694,1.391888901111111,1.1111111111111112,125.2700011,True,True,True,False,False,False,False,False,True,True,2,Medium Risk,Strong,high CPA,OK,Normal,-0.05193643282549698,very high CPA
1122244,1178,144731,45-49,F,24,85083,32,38.62999976,1,1,0.0376103334391123,1.2071874925,3.125,38.62999976,True,True,True,False,False,False,False,False,False,False,0,Low Risk,Moderate,No major waste signal detected,OK,Normal,-0.102148496164707,unusual combination of marketing metrics
1122246,1178,144731,45-49,F,24,14167,5,7.139999986,1,0,0.0352932872167713,1.4279999972,0.0,,True,True,False,False,False,False,False,False,False,False,0,Low Risk,Weak,No major waste signal detected,OK,Normal,-0.1902299469045206,unusual combination of marketing metrics
1122249,1178,144732,45-49,F,25,300637,84,116.9899981,2,0,0.027940672638431,1.3927380726190477,0.0,,True,True,False,False,True,False,False,False,False,False,2,Medium Risk,Strong,10+ clicks but no approved conversions,OK,Normal,-0.11439351371472462,clicks without approved conversions
1122253,1178,144732,45-49,F,25,449921,129,175.9700005,5,1,0.0286717001429139,1.364108531007752,0.7751937984496124,175.9700005,True,True,True,False,False,False,False,False,True,True,2,Medium Risk,Strong,high CPA,OK,Normal,-0.032751332588095816,very high CPA; unusually high spend
1122254,1178,144732,45-49,F,25,282899,71,105.6600007,1,0,0.0250972962081873,1.488169023943662,0.0,,True,True,False,False,True,False,False,False,False,False,2,Medium Risk,Strong,10+ clicks but no approved conversions,OK,Normal,-0.13115391303292578,clicks without approved conversions
1122257,1178,144733,45-49,F,26,669671,186,259.1799988,4,1,0.0277748327163637,1.393440853763441,0.5376344086021506,259.1799988,True,True,True,False,False,False,False,False,True,True,2,Medium Risk,Strong,high CPA,OK,Anomaly,0.025781734622591923,very high CPA; unusually high spend
1122258,1178,144733,45-49,F,26,108655,28,46.92000186,1,0,0.0257696378445538,1.675714352142857,0.0,,True,True,False,False,True,False,True,False,False,False,3,Medium Risk,Moderate,"high CPC, 10+ clicks but no approved conversions",OK,Normal,-0.17907394397355186,clicks without approved conversions
1122260,1178,144733,45-49,F,26,536248,146,187.7399978,3,0,0.0272262087690769,1.2858903958904109,0.0,,True,True,False,False,True,False,False,False,False,False,2,Medium Risk,Strong,10+ clicks but no approved conversions,OK,Normal,-0.05431964202750017,unusually high spend; clicks without approved conversions
1122262,1178,144734,45-49,F,27,1055017,265,380.6599952,16,2,0.0251180786660309,1.4364528120754718,0.7547169811320755,190.3299976,True,True,True,False,False,False,False,False,True,True,2,Medium Risk,Strong,high CPA,OK,Anomaly,0.049883476690114614,very high CPA; unusually high spend
1122265,1178,144734,45-49,F,27,1428421,367,541.7000023,10,0,0.025692705441883,1.4760218046321527,0.0,,True,True,False,False,True,False,False,False,False,False,2,Medium Risk,Strong,10+ clicks but no approved conversions,OK,Anomaly,0.11039104796358468,unusually high spend; clicks without approved conversions
1122266,1178,144734,45-49,F,27,1088027,272,409.5600026,9,4,0.0249993796109839,1.505735303676471,1.4705882352941175,102.39000065,True,True,True,False,False,False,False,False,True,False,1,Low Risk,Strong,high CPA,OK,Anomaly,0.0451280201651344,unusually high spend
1122267,1178,144735,45-49,F,28,288517,78,102.3900002,3,0,0.0270348021087145,1.3126923102564103,0.0,,True,True,False,False,True,False,False,False,False,False,2,Medium Risk,Strong,10+ clicks but no approved conversions,OK,Normal,-0.10868953850379098,clicks without approved conversions
1122268,1178,144735,45-49,F,28,202231,53,67.13000107,3,1,0.0262076536238262,1.266603793773585,1.8867924528301887,67.13000107,True,True,True,False,False,False,False,False,True,False,1,Low Risk,Strong,high CPA,OK,Normal,-0.1161166320565643,unusual combination of marketing metrics
1122270,1178,144735,45-49,F,28,73222,16,22.86000025,1,0,0.021851356149791,1.428750015625,0.0,,True,True,False,False,True,False,False,False,False,False,2,Medium Risk,Moderate,10+ clicks but no approved conversions,OK,Normal,-0.19904903585667805,clicks without approved conversions
1122271,1178,144735,45-49,F,28,348542,96,134.889999,2,0,0.0275433089842831,1.40510415625,0.0,,True,True,False,False,True,False,False,False,False,False,2,Medium Risk,Strong,10+ clicks but no approved conversions,OK,Normal,-0.10485580525246557,clicks without approved conversions
1122273,1178,144736,45-49,F,29,1097966,266,369.069997,16,8,0.0242266153961051,1.3874811917293233,3.007518796992481,46.133749625,True,True,True,False,False,False,False,False,False,False,0,Low Risk,Strong,No major waste signal detected,OK,Anomaly,0.06258654218414028,unusually high spend
1122274,1178,144736,45-49,F,29,526923,138,198.0899972,2,1,0.026189784845224,1.4354347623188406,0.7246376811594203,198.0899972,True,True,True,False,False,False,False,False,True,True,2,Medium Risk,Strong,high CPA,OK,Normal,-0.030398093581097685,very high CPA; unusually high spend
1122276,1178,144736,45-49,F,29,264386,66,91.00000054,4,1,0.024963500336629,1.378787886969697,1.5151515151515151,91.00000054,True,True,True,False,False,False,False,False,True,False,1,Low Risk,Strong,high CPA,OK,Normal,-0.11239897003426652,unusual combination of marketing metrics
1122277,1178,144736,45-49,F,29,854940,227,297.9100007,8,3,0.0265515708704704,1.3123788577092512,1.3215859030837005,99.30333356666668,True,True,True,False,False,False,False,False,True,False,1,Low Risk,Strong,high CPA,OK,Anomaly,0.020365599469294393,unusually high spend
1122279,1178,144737,45-49,F,30,113567,34,50.29000044,3,0,0.0299382743226465,1.47911766,0.0,,True,True,False,False,True,False,False,False,False,False,2,Medium Risk,Moderate,10+ clicks but no approved conversions,OK,Normal,-0.15105408273735776,clicks without approved conversions
1122282,1178,144737,45-49,F,30,22859,6,9.419999838,1,0,0.0262478673607769,1.569999973,0.0,,True,True,False,False,False,False,False,False,False,False,0,Low Risk,Weak,No major waste signal detected,OK,Normal,-0.19616601910772952,unusual combination of marketing metrics
1122288,1178,144738,45-49,F,31,51754,13,20.51999998,1,0,0.0251188313946748,1.578461536923077,0.0,,True,True,False,False,True,False,False,False,False,False,2,Medium Risk,Moderate,10+ clicks but no approved conversions,OK,Normal,-0.19402264883584014,clicks without approved conversions
1122290,1178,144738,45-49,F,31,104347,28,38.13999993,4,3,0.0268335457655706,1.3621428546428571,10.714285714285714,12.71333331,True,True,True,False,False,False,False,False,False,False,0,Low Risk,Moderate,No major waste signal detected,OK,Normal,-0.10342639451112112,unusual combination of marketing metrics
1122303,1178,144741,45-49,F,63,391998,97,142.0500025,3,1,0.0247450242093071,1.4644330154639176,1.0309278350515465,142.0500025,True,True,True,False,False,False,False,False,True,True,2,Medium Risk,Strong,high CPA,OK,Normal,-0.08258231753956646,very high CPA
1122304,1178,144741,45-49,F,63,1111156,282,402.3000026,5,0,0.0253789746894225,1.4265957539007093,0.0,,True,True,False,False,True,False,False,False,False,False,2,Medium Risk,Strong,10+ clicks but no approved conversions,OK,Anomaly,0.043024133131092435,unusually high spend; clicks without approved conversions
1122308,1178,144741,45-49,F,63,427772,117,159.299999,3,1,0.0273510187670067,1.3615384529914532,0.8547008547008548,159.299999,True,True,True,False,False,False,False,False,True,True,2,Medium Risk,Strong,high CPA,OK,Normal,-0.05137228348112988,very high CPA
1122310,1178,144742,45-49,F,64,536457,136,193.6599991,2,1,0.025351519320281,1.4239705816176471,0.7352941176470588,193.6599991,True,True,True,False,False,False,False,False,True,True,2,Medium Risk,Strong,high CPA,OK,Normal,-0.03671134726353742,very high CPA; unusually high spend
1122311,1178,144742,45-49,F,64,179894,43,66.83999872,2,0,0.0239029650794356,1.554418574883721,0.0,,True,True,False,False,True,False,False,False,False,False,2,Medium Risk,Moderate,10+ clicks but no approved conversions,OK,Normal,-0.16771115783214163,clicks without approved conversions
1122312,1178,144742,45-49,F,64,479882,131,178.6700007,6,0,0.0272983775178064,1.3638931351145038,0.0,,True,True,False,False,True,False,False,False,False,False,2,Medium Risk,Strong,10+ clicks but no approved conversions,OK,Normal,-0.0655818436092066,unusually high spend; clicks without approved conversions
1122313,1178,144742,45-49,F,64,358261,91,130.3600011,1,0,0.025400476189147,1.4325274846153846,0.0,,True,True,False,False,True,False,False,False,False,False,2,Medium Risk,Strong,10+ clicks but no approved conversions,OK,Normal,-0.11787533224063901,clicks without approved conversions
1122316,1178,144743,45-49,F,65,346688,88,114.8599998,2,0,0.025383053350563,1.3052272704545451,0.0,,True,True,False,False,True,False,False,False,False,False,2,Medium Risk,Strong,10+ clicks but no approved conversions,OK,Normal,-0.11782650145611667,clicks without approved conversions
1314296,1178,179863,30-34,M,100,33445,2,3.199999928,1,0,0.0059799671101808,1.599999964,0.0,,True,True,False,False,False,False,False,False,False,False,0,Low Risk,Weak,No major waste signal detected,OK,Normal,-0.18619941812153395,unusual combination of marketing metrics
1314297,1178,179864,30-34,M,101,72228,5,7.529999852,4,4,0.0069225231212272,1.5059999704,80.0,1.882499963,True,True,True,False,False,False,False,False,False,False,0,Low Risk,Weak,No major waste signal detected,OK,Normal,-0.016612756415121055,unusual combination of marketing metrics
1314298,1178,179865,30-34,M,102,49699,2,2.690000057,2,1,0.0040242258395541,1.3450000285,50.0,2.690000057,True,True,True,False,False,False,False,False,False,False,0,Low Risk,Weak,No major waste signal detected,OK,Normal,-0.1017361438632085,unusual combination of marketing metrics
1314299,1178,179866,30-34,M,103,189761,18,27.32999969,4,1,0.0094856161171157,1.5183333161111112,5.555555555555555,27.32999969,True,True,True,False,False,True,False,False,False,False,1,Low Risk,Moderate,low CTR,OK,Normal,-0.1492021378166733,unusual combination of marketing metrics
1314301,1178,179868,30-34,M,105,312524,37,53.78999972,2,0,0.0118390907578297,1.4537837762162162,0.0,,True,True,False,False,True,False,False,False,False,False,2,Medium Risk,Moderate,10+ clicks but no approved conversions,OK,Normal,-0.1608446488880642,clicks without approved conversions
1314303,1178,179870,30-34,M,107,496760,42,61.00999904,10,3,0.0084547870198888,1.4526190247619046,7.142857142857142,20.336666346666664,True,True,True,False,False,True,False,False,False,False,1,Low Risk,Moderate,low CTR,OK,Normal,-0.06140546880249975,unusual combination of marketing metrics
1314306,1178,179873,30-34,M,110,310988,34,46.66999936,11,3,0.0109328977323883,1.37264704,8.823529411764707,15.556666453333332,True,True,True,False,False,False,False,False,False,False,0,Low Risk,Moderate,No major waste signal detected,OK,Normal,-0.0595113373899141,unusual combination of marketing metrics
1314307,1178,179874,30-34,M,111,98606,9,12.10999984,1,0,0.0091272336368983,1.345555537777778,0.0,,True,True,False,False,False,False,False,False,False,False,0,Low Risk,Weak,No major waste signal detected,OK,Normal,-0.18162952146624955,unusual combination of marketing metrics
1314308,1178,179875,30-34,M,112,51104,2,3.199999928,3,1,0.0039135879774577,1.599999964,50.0,3.199999928,True,True,True,False,False,False,False,False,False,False,0,Low Risk,Weak,No major waste signal detected,OK,Normal,-0.08917624317876238,unusual combination of marketing metrics
1314309,1178,179876,30-34,M,113,276762,22,32.09000015,5,1,0.0079490681524197,1.4586363704545455,4.545454545454546,32.09000015,True,True,True,False,False,True,False,False,False,False,1,Low Risk,Moderate,low CTR,OK,Normal,-0.1329367136189682,unusual combination of marketing metrics
1314312,1178,179879,35-39,M,101,33534,2,2.960000038,1,1,0.0059640961412297,1.480000019,50.0,2.960000038,True,True,True,False,False,False,False,False,False,False,0,Low Risk,Weak,No major waste signal detected,OK,Normal,-0.12408553373824777,unusual combination of marketing metrics
1314313,1178,179880,35-39,M,102,128859,16,23.69999957,1,0,0.0124166724869818,1.481249973125,0.0,,True,True,False,False,True,False,False,False,False,False,2,Medium Risk,Moderate,10+ clicks but no approved conversions,OK,Normal,-0.19226442957133427,clicks without approved conversions
1314314,1178,179881,35-39,M,103,92080,12,16.94000018,3,2,0.0130321459600347,1.4116666816666663,16.666666666666664,8.47000009,True,True,True,False,False,False,False,False,False,False,0,Low Risk,Moderate,No major waste signal detected,OK,Normal,-0.12949959815265266,unusual combination of marketing metrics
1314316,1178,179883,35-39,M,105,211882,33,46.64999926,3,1,0.0155747066763575,1.4136363412121211,3.0303030303030303,46.64999926,True,True,True,False,False,False,False,False,False,False,0,Low Risk,Moderate,No major waste signal detected,OK,Normal,-0.16015454602823614,unusual combination of marketing metrics
1314318,1178,179885,35-39,M,107,112776,9,12.67999995,1,0,0.0079804213662481,1.4088888833333333,0.0,,True,True,False,False,False,False,False,False,False,False,0,Low Risk,Weak,No major waste signal detected,OK,Normal,-0.18312054117091664,unusual combination of marketing metrics
1314319,1178,179886,35-39,M,108,145324,14,19.82000005,2,1,0.0096336461974622,1.4157142892857144,7.142857142857142,19.82000005,True,True,True,False,False,True,False,False,False,False,1,Low Risk,Moderate,low CTR,OK,Normal,-0.16336805497120777,unusual combination of marketing metrics
1314320,1178,179887,35-39,M,109,106492,14,21.26000023,2,0,0.0131465274386808,1.518571445,0.0,,True,True,False,False,True,False,False,False,False,False,2,Medium Risk,Moderate,10+ clicks but no approved conversions,OK,Normal,-0.19018303051474345,clicks without approved conversions
1314321,1178,179888,35-39,M,110,233845,30,40.73000062,3,0,0.0128290106694605,1.3576666873333332,0.0,,True,True,False,False,True,False,False,False,False,False,2,Medium Risk,Moderate,10+ clicks but no approved conversions,OK,Normal,-0.16033050989169156,clicks without approved conversions
1314323,1178,179890,35-39,M,112,155426,17,25.01000023,3,0,0.0109376809542804,1.4711764841176471,0.0,,True,True,False,False,True,False,False,False,False,False,2,Medium Risk,Moderate,10+ clicks but no approved conversions,OK,Normal,-0.16463148238342207,clicks without approved conversions
1314324,1178,179891,35-39,M,113,97540,8,11.5199995,2,1,0.0082017633791265,1.4399999375,12.5,11.5199995,True,True,True,False,False,False,False,False,False,False,0,Low Risk,Weak,No major waste signal detected,OK,Normal,-0.15970769961174341,unusual combination of marketing metrics
1314325,1178,179892,35-39,M,114,61441,5,7.700000048,1,0,0.0081378883807229,1.5400000096,0.0,,True,True,False,False,False,False,False,False,False,False,0,Low Risk,Weak,No major waste signal detected,OK,Normal,-0.19124454280439845,unusual combination of marketing metrics
1314326,1178,179893,40-44,M,100,76703,9,12.14999962,3,1,0.0117335697430348,1.3499999577777777,11.11111111111111,12.14999962,True,True,True,False,False,False,False,False,False,False,0,Low Risk,Weak,No major waste signal detected,OK,Normal,-0.15666803905688226,unusual combination of marketing metrics
1314327,1178,179894,40-44,M,101,68619,10,14.96000034,1,0,0.0145732231597662,1.496000034,0.0,,True,True,False,False,True,False,False,False,False,False,2,Medium Risk,Moderate,10+ clicks but no approved conversions,OK,Normal,-0.1999616668345054,clicks without approved conversions
1314330,1178,179897,40-44,M,104,17559,1,1.49000001,1,1,0.0056950851415228,1.49000001,100.0,1.49000001,True,True,True,False,False,False,False,False,False,False,0,Low Risk,Weak,No major waste signal detected,OK,Normal,-0.09345621927104253,unusual combination of marketing metrics
1314331,1178,179898,40-44,M,105,137879,19,28.47000003,2,0,0.0137801985799142,1.4984210542105263,0.0,,True,True,False,False,True,False,False,False,False,False,2,Medium Risk,Moderate,10+ clicks but no approved conversions,OK,Normal,-0.18827287866049952,clicks without approved conversions
1314332,1178,179899,40-44,M,106,67710,10,15.14999998,1,0,0.0147688672278836,1.514999998,0.0,,True,True,False,False,True,False,False,False,False,False,2,Medium Risk,Moderate,10+ clicks but no approved conversions,OK,Normal,-0.1996206833818211,clicks without approved conversions
1314333,1178,179900,40-44,M,107,348180,41,60.22999907,3,1,0.0117755184100178,1.4690243675609755,2.4390243902439024,60.22999907,True,True,True,False,False,False,False,False,True,False,1,Low Risk,Moderate,high CPA,OK,Normal,-0.14417091689527994,unusual combination of marketing metrics
1314334,1178,179901,40-44,M,108,146246,18,28.71999955,3,1,0.0123080289375435,1.5955555305555555,5.555555555555555,28.71999955,True,True,True,False,False,False,False,False,False,False,0,Low Risk,Moderate,No major waste signal detected,OK,Normal,-0.167014593310921,unusual combination of marketing metrics
1314336,1178,179903,40-44,M,110,187236,24,34.86999965,2,2,0.0128180478113183,1.4529166520833332,8.333333333333332,17.434999825,True,True,True,False,False,False,False,False,False,False,0,Low Risk,Moderate,No major waste signal detected,OK,Normal,-0.14416533388176517,unusual combination of marketing metrics
1314337,1178,179904,40-44,M,111,72157,9,13.50000036,1,1,0.0124728023615172,1.50000004,11.11111111111111,13.50000036,True,True,True,False,False,False,False,False,False,False,0,Low Risk,Weak,No major waste signal detected,OK,Normal,-0.17569310055305315,unusual combination of marketing metrics
1314338,1178,179905,40-44,M,112,91180,10,13.55999994,1,0,0.0109673173941653,1.355999994,0.0,,True,True,False,False,True,False,False,False,False,False,2,Medium Risk,Moderate,10+ clicks but no approved conversions,OK,Normal,-0.18828960499131253,clicks without approved conversions
1314339,1178,179906,40-44,M,113,86293,6,9.259999871,1,1,0.0069530552883779,1.5433333118333332,16.666666666666664,9.259999871,True,True,True,False,False,False,False,False,False,False,0,Low Risk,Weak,No major waste signal detected,OK,Normal,-0.15781794341878413,unusual combination of marketing metrics
1314341,1178,179908,45-49,M,100,101410,12,17.94000006,4,0,0.0118331525490582,1.495000005,0.0,,True,True,False,False,True,False,False,False,False,False,2,Medium Risk,Moderate,10+ clicks but no approved conversions,OK,Normal,-0.1655356693172753,clicks without approved conversions
1314343,1178,179910,45-49,M,102,134245,18,25.75000024,2,1,0.0134083206078438,1.430555568888889,5.555555555555555,25.75000024,True,True,True,False,False,False,False,False,False,False,0,Low Risk,Moderate,No major waste signal detected,OK,Normal,-0.175450544185961,unusual combination of marketing metrics
1314345,1178,179912,45-49,M,104,125650,20,30.08000076,4,0,0.01591723040191,1.504000038,0.0,,True,True,False,False,True,False,False,False,False,False,2,Medium Risk,Moderate,10+ clicks but no approved conversions,OK,Normal,-0.1710729161122574,clicks without approved conversions
1314346,1178,179913,45-49,M,105,50406,5,7.26000011,1,1,0.00991945403325,1.452000022,20.0,7.26000011,True,True,True,False,False,False,False,False,False,False,0,Low Risk,Weak,No major waste signal detected,OK,Normal,-0.1636846982581589,unusual combination of marketing metrics
1314348,1178,179915,45-49,M,107,121769,13,18.41999996,2,1,0.0106759520074895,1.4169230738461538,7.6923076923076925,18.41999996,True,True,True,False,False,False,False,False,False,False,0,Low Risk,Moderate,No major waste signal detected,OK,Normal,-0.16960053777562517,unusual combination of marketing metrics
1314349,1178,179916,45-49,M,108,267106,34,50.5,4,1,0.0127290289248463,1.4852941176470589,2.941176470588235,50.5,True,True,True,False,False,False,False,False,False,False,0,Low Risk,Moderate,No major waste signal detected,OK,Normal,-0.15451941478930276,unusual combination of marketing metrics
1314350,1178,179917,45-49,M,109,365539,57,82.13999915,5,2,0.0155934113733418,1.4410526166666666,3.508771929824561,41.069999575,True,True,True,False,False,False,False,False,False,False,0,Low Risk,Strong,No major waste signal detected,OK,Normal,-0.14220469792316948,unusual combination of marketing metrics
1314351,1178,179918,45-49,M,110,188758,25,36.60000038,2,1,0.0132444717574884,1.4640000152,4.0,36.60000038,True,True,True,False,False,False,False,False,False,False,0,Low Risk,Moderate,No major waste signal detected,OK,Normal,-0.1713342032977752,unusual combination of marketing metrics
1314353,1178,179920,45-49,M,112,108426,13,19.58000016,1,0,0.0119897441573054,1.5061538584615386,0.0,,True,True,False,False,True,False,False,False,False,False,2,Medium Risk,Moderate,10+ clicks but no approved conversions,OK,Normal,-0.19465872140477625,clicks without approved conversions
1314354,1178,179921,45-49,M,113,138525,9,13.65000045,3,0,0.0064970221981591,1.5166667166666667,0.0,,True,True,False,False,False,False,False,False,False,False,0,Low Risk,Weak,No major waste signal detected,OK,Normal,-0.15766124270804627,unusual combination of marketing metrics
1314355,1178,179922,45-49,M,114,150858,21,30.26000011,1,0,0.0139203754524122,1.4409523861904765,0.0,,True,True,False,False,True,False,False,False,False,False,2,Medium Risk,Moderate,10+ clicks but no approved conversions,OK,Normal,-0.1866885317617083,clicks without approved conversions
1314357,1178,179924,30-34,F,101,524306,81,113.6800029,10,4,0.0154489935266809,1.403456825925926,4.938271604938271,28.420000725,True,True,True,False,False,False,False,False,False,False,0,Low Risk,Strong,No major waste signal detected,OK,Normal,-0.06461690918288132,unusual combination of marketing metrics
1314358,1178,179925,30-34,F,102,104496,9,11.42999983,3,2,0.0086127698667891,1.2699999811111111,22.22222222222222,5.714999915,True,True,True,False,False,False,False,False,False,False,0,Low Risk,Weak,No major waste signal detected,OK,Normal,-0.09498050795926882,unusual combination of marketing metrics
1314359,1178,179926,30-34,F,103,452519,68,99.52000237,7,2,0.015026993341716,1.4635294466176472,2.941176470588235,49.760001185,True,True,True,False,False,False,False,False,False,False,0,Low Risk,Strong,No major waste signal detected,OK,Normal,-0.12272209776163107,unusual combination of marketing metrics
1314360,1178,179927,30-34,F,104,442919,76,110.7800021,21,2,0.0171588936126018,1.4576316065789474,2.631578947368421,55.39000105,True,True,True,False,False,False,False,False,True,False,1,Low Risk,Strong,high CPA,OK,Normal,-0.05444663841813768,unusual combination of marketing metrics
1314361,1178,179928,30-34,F,105,596831,86,120.8799992,11,0,0.0144094391879778,1.4055813860465116,0.0,,True,True,False,False,True,False,False,False,False,False,2,Medium Risk,Strong,10+ clicks but no approved conversions,OK,Normal,-0.060210798154525125,clicks without approved conversions
1314362,1178,179929,30-34,F,106,173912,26,35.54000032,2,1,0.0149500897005382,1.366923089230769,3.8461538461538463,35.54000032,True,True,True,False,False,False,False,False,False,False,0,Low Risk,Moderate,No major waste signal detected,OK,Normal,-0.17174853811815377,unusual combination of marketing metrics
1314363,1178,179930,30-34,F,107,780967,86,119.6400018,20,4,0.0110119889828891,1.391162811627907,4.651162790697675,29.91000045,True,True,True,False,False,False,False,False,False,False,0,Low Risk,Strong,No major waste signal detected,OK,Normal,-0.0063926619435846765,unusual combination of marketing metrics
1314364,1178,179931,30-34,F,108,132124,8,11.18999994,4,0,0.0060549181072326,1.3987499925,0.0,,True,True,False,False,False,False,False,False,False,False,0,Low Risk,Weak,No major waste signal detected,OK,Normal,-0.14200904418191473,unusual combination of marketing metrics
1314365,1178,179932,30-34,F,109,623137,100,138.9200006,12,1,0.0160478353877237,1.389200006,1.0,138.9200006,True,True,True,False,False,False,False,False,True,True,2,Medium Risk,Strong,high CPA,OK,Normal,-0.04417224151240706,very high CPA
1314366,1178,179933,30-34,F,110,99020,10,14.48000044,4,1,0.0100989699050696,1.448000044,10.0,14.48000044,True,True,True,False,False,False,False,False,False,False,0,Low Risk,Moderate,No major waste signal detected,OK,Normal,-0.15346506701058155,unusual combination of marketing metrics
1314367,1178,179934,30-34,F,111,665817,117,163.8000002,23,9,0.0175723960187258,1.4000000017094016,7.6923076923076925,18.200000022222223,True,True,True,False,False,False,False,False,False,False,0,Low Risk,Strong,No major waste signal detected,OK,Anomaly,0.043384800043893,unusually high spend
1314368,1178,179935,30-34,F,112,699232,80,111.9899995,12,3,0.0114411239760194,1.39987499375,3.75,37.32999983333333,True,True,True,False,False,False,False,False,False,False,0,Low Risk,Strong,No major waste signal detected,OK,Normal,-0.05100631861300575,unusual combination of marketing metrics
1314371,1178,179938,35-39,F,100,72982,11,15.04999995,1,0,0.0150722095859252,1.3681818136363637,0.0,,True,True,False,False,True,False,False,False,False,False,2,Medium Risk,Moderate,10+ clicks but no approved conversions,OK,Normal,-0.19678819622344212,clicks without approved conversions
1314372,1178,179939,35-39,F,101,975884,167,237.3199975,14,3,0.0171126896229469,1.421077829341317,1.7964071856287425,79.10666583333334,True,True,True,False,False,False,False,False,True,False,1,Low Risk,Strong,high CPA,OK,Normal,-0.02878916191373293,unusually high spend
1314373,1178,179940,35-39,F,102,245607,33,47.87999952,3,1,0.0134360991339823,1.4509090763636363,3.0303030303030303,47.87999952,True,True,True,False,False,False,False,False,False,False,0,Low Risk,Moderate,No major waste signal detected,OK,Normal,-0.1567716106400701,unusual combination of marketing metrics
1314377,1178,179944,35-39,F,106,485369,114,164.6400015,3,0,0.0234872849316705,1.4442105394736844,0.0,,True,True,False,False,True,False,False,False,False,False,2,Medium Risk,Strong,10+ clicks but no approved conversions,OK,Normal,-0.10452243891120927,unusually high spend; clicks without approved conversions
1314378,1178,179945,35-39,F,107,866355,139,200.8299961,11,5,0.016044231290868,1.444820115827338,3.597122302158273,40.16599922,True,True,True,False,False,False,False,False,False,False,0,Low Risk,Strong,No major waste signal detected,OK,Normal,-0.037833963422585826,unusually high spend
1314379,1178,179946,35-39,F,108,502710,72,105.2199969,8,2,0.0143223727397505,1.4613888458333333,2.7777777777777777,52.60999845,True,True,True,False,False,False,False,False,False,False,0,Low Risk,Strong,No major waste signal detected,OK,Normal,-0.11012359342689387,unusual combination of marketing metrics
1314380,1178,179947,35-39,F,109,475184,88,127.3200028,4,1,0.0185191420586551,1.4468182136363636,1.1363636363636365,127.3200028,True,True,True,False,False,False,False,False,True,True,2,Medium Risk,Strong,high CPA,OK,Normal,-0.09817255292167631,very high CPA
1314381,1178,179948,35-39,F,110,357401,47,68.67000008,8,1,0.0131504948223424,1.4610638314893616,2.127659574468085,68.67000008,True,True,True,False,False,False,False,False,True,False,1,Low Risk,Moderate,high CPA,OK,Normal,-0.1189631755251318,unusual combination of marketing metrics
1314382,1178,179949,35-39,F,111,99810,14,20.05000019,2,0,0.0140266506362087,1.4321428707142856,0.0,,True,True,False,False,True,False,False,False,False,False,2,Medium Risk,Moderate,10+ clicks but no approved conversions,OK,Normal,-0.1917744596943221,clicks without approved conversions
1314383,1178,179950,35-39,F,112,81569,6,9.409999967,3,1,0.0073557356348612,1.5683333278333331,16.666666666666664,9.409999967,True,True,True,False,False,False,False,False,False,False,0,Low Risk,Weak,No major waste signal detected,OK,Normal,-0.14335163512494192,unusual combination of marketing metrics
1314384,1178,179951,35-39,F,113,441192,53,77.59999979,6,2,0.0120129104788844,1.4641509394339622,3.7735849056603774,38.799999895,True,True,True,False,False,False,False,False,False,False,0,Low Risk,Strong,No major waste signal detected,OK,Normal,-0.1278202752413693,unusual combination of marketing metrics
1314385,1178,179952,35-39,F,114,90470,11,16.73000002,1,1,0.0121587266497181,1.5209090927272726,9.090909090909092,16.73000002,True,True,True,False,False,False,False,False,False,False,0,Low Risk,Moderate,No major waste signal detected,OK,Normal,-0.17286869753513112,unusual combination of marketing metrics
1314386,1178,179953,40-44,F,100,834243,166,246.7499975,18,7,0.0198982790386014,1.4864457680722891,4.216867469879518,35.24999964285714,True,True,True,False,False,False,False,False,False,False,0,Low Risk,Strong,No major waste signal detected,OK,Anomaly,0.003403350367272351,unusually high spend
1314387,1178,179954,40-44,F,101,696612,152,223.1899948,31,9,0.0218198940012517,1.4683552289473685,5.921052631578947,24.79888831111111,True,True,True,False,False,False,False,False,False,False,0,Low Risk,Strong,No major waste signal detected,OK,Anomaly,0.06891421799642283,unusually high spend
1314388,1178,179955,40-44,F,102,329333,48,67.60999918,1,0,0.0145749135373618,1.4085416495833334,0.0,,True,True,False,False,True,False,False,False,False,False,2,Medium Risk,Moderate,10+ clicks but no approved conversions,OK,Normal,-0.15480796718633139,clicks without approved conversions
1314389,1178,179956,40-44,F,103,1114711,224,319.0000019,6,0,0.0200948945511437,1.4241071513392856,0.0,,True,True,False,False,True,False,False,False,False,False,2,Medium Risk,Strong,10+ clicks but no approved conversions,OK,Anomaly,0.011518502964455557,unusually high spend; clicks without approved conversions
1314390,1178,179957,40-44,F,104,267316,58,82.92999887,3,0,0.0216971673973873,1.429827566724138,0.0,,True,True,False,False,True,False,False,False,False,False,2,Medium Risk,Strong,10+ clicks but no approved conversions,OK,Normal,-0.15683583346303165,clicks without approved conversions
1314391,1178,179958,40-44,F,105,228629,38,57.0,2,0,0.0166208136325662,1.5,0.0,,True,True,False,False,True,False,False,False,False,False,2,Medium Risk,Moderate,10+ clicks but no approved conversions,OK,Normal,-0.17535317008658974,clicks without approved conversions
1314392,1178,179959,40-44,F,106,758340,159,233.110002,13,4,0.0209668486430888,1.466100641509434,2.515723270440252,58.2775005,True,True,True,False,False,False,False,False,True,False,1,Low Risk,Strong,high CPA,OK,Normal,-0.035530325000606044,unusually high spend
1314393,1178,179960,40-44,F,107,877535,149,217.7799966,5,2,0.0169793797398394,1.4616107154362417,1.342281879194631,108.8899983,True,True,True,False,False,False,False,False,True,True,2,Medium Risk,Strong,high CPA,OK,Normal,-0.06167659115931412,very high CPA; unusually high spend
1314394,1178,179961,40-44,F,108,1357386,223,323.0600071,10,1,0.0164286356275959,1.4486995834080718,0.4484304932735426,323.0600071,True,True,True,False,False,False,False,False,True,True,2,Medium Risk,Strong,high CPA,OK,Anomaly,0.07429473630992323,very high CPA; unusually high spend
1314395,1178,179962,40-44,F,109,280240,61,87.99000168,2,2,0.0217670568084499,1.4424590439344265,3.278688524590164,43.99500084,True,True,True,False,False,False,False,False,False,False,0,Low Risk,Strong,No major waste signal detected,OK,Normal,-0.13888097828756968,unusual combination of marketing metrics
1314396,1178,179963,40-44,F,110,419922,75,105.4500008,3,1,0.017860459799677,1.4060000106666666,1.3333333333333337,105.4500008,True,True,True,False,False,False,False,False,True,False,1,Low Risk,Strong,high CPA,OK,Normal,-0.11597805701641495,unusual combination of marketing metrics
1314397,1178,179964,40-44,F,111,402975,83,120.8999977,1,0,0.0205968112165767,1.456626478313253,0.0,,True,True,False,False,True,False,False,False,False,False,2,Medium Risk,Strong,10+ clicks but no approved conversions,OK,Normal,-0.13273208955639287,clicks without approved conversions
1314398,1178,179965,40-44,F,112,1137635,211,301.0499992,30,10,0.0185472493374412,1.4267772473933649,4.739336492890995,30.10499992,True,True,True,False,False,False,False,False,False,False,0,Low Risk,Strong,No major waste signal detected,OK,Anomaly,0.07968135866982973,unusually high spend
1314400,1178,179967,40-44,F,114,250234,40,62.31999922,4,1,0.0159850380044278,1.5579999805,2.5,62.31999922,True,True,True,False,False,False,False,False,True,False,1,Low Risk,Moderate,high CPA,OK,Normal,-0.15474302272947787,unusual combination of marketing metrics
1314401,1178,179968,45-49,F,100,904907,195,279.219995,11,1,0.0215491757716538,1.4318974102564102,0.5128205128205128,279.219995,True,True,True,False,False,False,False,False,True,True,2,Medium Risk,Strong,high CPA,OK,Anomaly,0.02787566779502748,very high CPA; unusually high spend
1314402,1178,179969,45-49,F,101,589270,107,158.0500023,10,4,0.0181580599725083,1.477102825233645,3.738317757009345,39.512500575,True,True,True,False,False,False,False,False,False,False,0,Low Risk,Strong,No major waste signal detected,OK,Normal,-0.07065291346213243,unusual combination of marketing metrics
1314403,1178,179970,45-49,F,102,168714,24,36.01000071,2,2,0.0142252569437035,1.50041669625,8.333333333333332,18.005000355,True,True,True,False,False,False,False,False,False,False,0,Low Risk,Moderate,No major waste signal detected,OK,Normal,-0.15259457862397324,unusual combination of marketing metrics
1314404,1178,179971,45-49,F,103,71982,11,16.34000051,1,0,0.0152815981773221,1.4854545918181818,0.0,,True,True,False,False,True,False,False,False,False,False,2,Medium Risk,Moderate,10+ clicks but no approved conversions,OK,Normal,-0.20201151564456638,clicks without approved conversions
1314405,1178,179972,45-49,F,104,558666,110,162.6399975,14,5,0.0196897609663018,1.4785454318181817,4.545454545454546,32.5279995,True,True,True,False,False,False,False,False,False,False,0,Low Risk,Strong,No major waste signal detected,OK,Normal,-0.02983003828851849,unusual combination of marketing metrics
1314406,1178,179973,45-49,F,105,1118200,235,333.7499943,11,4,0.0210159184403505,1.4202127417021275,1.702127659574468,83.437498575,True,True,True,False,False,False,False,False,True,False,1,Low Risk,Strong,high CPA,OK,Anomaly,0.014061734431695339,unusually high spend
1314407,1178,179974,45-49,F,106,107100,23,33.71000051,1,0,0.0214752567693744,1.4656521960869566,0.0,,True,True,False,False,True,False,False,False,False,False,2,Medium Risk,Moderate,10+ clicks but no approved conversions,OK,Normal,-0.19620102660044686,clicks without approved conversions
1314408,1178,179975,45-49,F,107,877769,160,232.5900005,13,4,0.0182280303815696,1.453687503125,2.5,58.147500125,True,True,True,False,False,False,False,False,True,False,1,Low Risk,Strong,high CPA,OK,Normal,-0.0385644619094464,unusually high spend
1314409,1178,179976,45-49,F,108,212508,33,47.69000006,4,1,0.0155288271500367,1.4451515169696971,3.0303030303030303,47.69000006,True,True,True,False,False,False,False,False,False,False,0,Low Risk,Moderate,No major waste signal detected,OK,Normal,-0.15870315005103336,unusual combination of marketing metrics
1314410,1178,179977,45-49,F,109,1129773,252,358.189997,13,2,0.0223053657681675,1.421388876984127,0.7936507936507936,179.0949985,True,True,True,False,False,False,False,False,True,True,2,Medium Risk,Strong,high CPA,OK,Anomaly,0.040306457333059154,very high CPA; unusually high spend
1314411,1178,179978,45-49,F,110,637549,120,173.8800035,3,0,0.0188220826948203,1.4490000291666665,0.0,,True,True,False,False,True,False,False,False,False,False,2,Medium Risk,Strong,10+ clicks but no approved conversions,OK,Normal,-0.10172751022885118,unusually high spend; clicks without approved conversions
1314412,1178,179979,45-49,F,111,151531,28,40.28999949,2,0,0.0184780671941714,1.4389285532142857,0.0,,True,True,False,False,True,False,False,False,False,False,2,Medium Risk,Moderate,10+ clicks but no approved conversions,OK,Normal,-0.1849686247938238,clicks without approved conversions
1314414,1178,179981,45-49,F,113,790253,135,198.7100005,8,2,0.0170831366663587,1.4719259296296296,1.4814814814814816,99.35500025,True,True,True,False,False,False,False,False,True,False,1,Low Risk,Strong,high CPA,OK,Normal,-0.07582954443612983,unusually high spend
1314415,1178,179982,45-49,F,114,513161,114,165.6099987,5,2,0.0222152501846399,1.4527192868421053,1.7543859649122806,82.80499935,True,True,True,False,False,False,False,False,True,False,1,Low Risk,Strong,high CPA,OK,Normal,-0.09949660988954012,unusually high spend
